datetime,recipe_id,gloss_type,gloss_amount_target_g_per_tile,vol_start,vol_press_out,vol_glaze_out,vol_kiln_out,vol_sort_out,target_pressure,actual_pressure,layers_tossed,desired_thickness,recipe_air_cooling,recipe_moisture,recipe_air_flow,recipe_max_temp,recipe_humidity,kiln_air_cooling,kiln_moisture,kiln_air_flow,kiln_max_temp,kiln_humidity,delta_air_cooling,delta_moisture,delta_air_flow,delta_max_temp,delta_humidity
2025-10-17T09:00:00Z,241,matte_M1,4,56000,55001,53964,52171,50605,500,500,24,8.5,1,0.5,3,1200,42,1,0.402,3,1196.9,41,0,-0.098,0,-3.1,-1
2025-10-17T09:05:00Z,244,polish_P1,7.5,70000,67631,64054,62543,60666,520,500,24,8.8,1,0.5,3,1205,40,1,0.506,3,1202.4,26,0,0.006,0,-2.6,-14
2025-10-17T09:10:00Z,245,satin_S1,5.5,70000,67594,65933,63781,61867,490,500,24,8.7,1,0.55,3,1200,43,1,0.589,3,1199,44,0,0.039,0,-1,1
2025-10-17T09:15:00Z,246,texture_T1,6,56000,54320,52604,51416,49355,510,500,24,9,2,0.6,4,1190,48,2,0.594,4,1187.9,50,0,-0.006,0,-2.1,2
2025-10-17T09:20:00Z,247,satin_S2,5,75000,71987,69146,67567,65539,505,500,24,9.2,1,0.6,2,1208,45,1,0.573,1,1212.5,55,0,-0.027,-1,4.5,10
2025-10-17T09:25:00Z,241,matte_M1,4,56000,53652,52505,50984,49379,500,500,24,8.5,1,0.5,3,1200,42,1,0.51,3,1195.6,42,0,0.01,0,-4.4,0
2025-10-17T09:30:00Z,244,polish_P1,7.5,90000,86750,83115,80763,78340,520,500,24,8.8,1,0.5,3,1205,40,1,0.613,3,1208.5,39,0,0.113,0,3.5,-1
2025-10-17T09:35:00Z,245,satin_S1,5.5,55000,52916,51639,49961,48462,490,500,24,8.7,1,0.55,3,1200,43,1,0.68,3,1201.9,38,0,0.13,0,1.9,-5
2025-10-17T09:40:00Z,246,texture_T1,6,65000,63265,60712,57939,56200,510,500,24,9,2,0.6,4,1190,48,2,0.758,4,1194.9,40,0,0.158,0,4.9,-8
2025-10-17T09:45:00Z,247,satin_S2,5,80000,76015,72692,71020,68889,505,500,24,9.2,1,0.6,2,1208,45,1,0.581,2,1205.5,51,0,-0.019,0,-2.5,6
2025-10-17T09:50:00Z,241,matte_M1,4,65000,62700,60868,58807,57042,500,500,24,8.5,1,0.5,3,1200,42,1,0.512,3,1200.5,49,0,0.012,0,0.5,7
2025-10-17T09:55:00Z,244,polish_P1,7.5,55000,53212,51621,50183,48505,520,500,24,8.8,1,0.5,3,1205,40,1,0.467,3,1206.2,39,0,-0.033,0,1.2,-1
2025-10-17T10:00:00Z,245,satin_S1,5.5,55000,52709,51407,49403,47920,490,500,24,8.7,1,0.55,3,1200,43,1,0.543,3,1204.3,32,0,-0.007,0,4.3,-11
2025-10-17T10:05:00Z,246,texture_T1,6,80000,76749,72775,70168,68062,510,500,24,9,2,0.6,4,1190,48,2,0.77,4,1194.5,45,0,0.17,0,4.5,-3
2025-10-17T10:10:00Z,247,satin_S2,5,90000,86332,83716,81540,78734,505,500,24,9.2,1,0.6,2,1208,45,1,0.724,2,1208.4,53,0,0.124,0,0.4,8
2025-10-17T10:15:00Z,241,matte_M1,4,56000,53573,52372,50522,49006,500,500,24,8.5,1,0.5,3,1200,42,1,0.569,3,1199.4,47,0,0.069,0,-0.6,5
2025-10-17T10:20:00Z,244,polish_P1,7.5,70000,67851,65336,62706,60824,520,500,24,8.8,1,0.5,3,1205,40,1,0.565,3,1207.2,45,0,0.065,0,2.2,5
2025-10-17T10:25:00Z,245,satin_S1,5.5,70000,68123,65952,64096,62173,490,500,24,8.7,1,0.55,3,1200,43,1,0.584,3,1204.9,46,0,0.034,0,4.9,3
2025-10-17T10:30:00Z,246,texture_T1,6,80000,77715,75284,72804,70619,510,500,24,9,2,0.6,4,1190,48,2,0.779,4,1187.9,46,0,0.179,0,-2.1,-2
2025-10-17T10:35:00Z,247,satin_S2,5,56000,54816,53674,51968,50408,505,500,24,9.2,1,0.6,2,1208,45,1,0.675,2,1210,37,0,0.075,0,2,-8
2025-10-17T10:40:00Z,241,matte_M1,4,65000,62654,61073,58664,56904,500,500,24,8.5,1,0.5,3,1200,42,1,0.559,3,1199.7,30,0,0.059,0,-0.3,-12
2025-10-17T10:45:00Z,244,polish_P1,7.5,56000,53658,52187,50480,48965,520,500,24,8.8,1,0.5,3,1205,40,1,0.539,3,1209.3,38,0,0.039,0,4.3,-2
2025-10-17T10:50:00Z,245,satin_S1,5.5,75000,72718,69797,68034,65992,490,500,24,8.7,1,0.55,3,1200,43,1,0.636,3,1199.3,44,0,0.086,0,-0.7,1
2025-10-17T10:55:00Z,246,texture_T1,6,65000,62683,60177,58146,56401,510,500,24,9,2,0.6,4,1190,48,2,0.649,4,1187.5,46,0,0.049,0,-2.5,-2
2025-10-17T11:00:00Z,247,satin_S2,5,56000,53384,51530,49942,48443,505,500,24,9.2,1,0.6,2,1208,45,1,0.558,2,1212.2,50,0,-0.042,0,4.2,5
2025-10-17T11:05:00Z,241,matte_M1,4,55000,53365,51456,49845,48319,500,500,24,8.5,1,0.5,3,1200,42,1,0.465,3,1203.8,47,0,-0.035,0,3.8,5
2025-10-17T11:10:00Z,244,polish_P1,7.5,56000,54163,52798,50167,48661,520,500,24,8.8,1,0.5,3,1205,40,1,0.53,3,1205.2,40,0,0.03,0,0.2,0
2025-10-17T11:15:00Z,245,satin_S1,5.5,65000,62957,61532,58736,56973,490,500,24,8.7,1,0.55,3,1200,43,1,0.585,3,1198.3,30,0,0.035,0,-1.7,-13
2025-10-17T11:20:00Z,246,texture_T1,6,56000,54085,53049,51447,49903,510,500,24,9,2,0.6,4,1190,48,2,0.647,4,1190.6,47,0,0.047,0,0.6,-1
2025-10-17T11:25:00Z,247,satin_S2,5,70000,67247,65160,63266,61368,505,500,24,9.2,1,0.6,2,1208,45,1,0.755,2,1204.9,49,0,0.155,0,-3.1,4
2025-10-17T11:30:00Z,241,matte_M1,4,70000,67931,65556,62965,61076,500,500,24,8.5,1,0.5,3,1200,42,1,0.524,3,1197.7,45,0,0.024,0,-2.3,3
2025-10-17T11:35:00Z,244,polish_P1,7.5,75000,72379,70734,68730,66668,520,500,24,8.8,1,0.5,3,1205,40,1,0.609,3,1203,43,0,0.109,0,-2,3
2025-10-17T11:40:00Z,245,satin_S1,5.5,55000,53142,50662,48750,47287,490,500,24,8.7,1,0.55,3,1200,43,1,0.705,3,1198.1,47,0,0.155,0,-1.9,4
2025-10-17T11:45:00Z,246,texture_T1,6,70000,67009,65056,63663,61753,510,500,24,9,2,0.6,4,1190,48,2,0.599,4,1190.2,48,0,-0.001,0,0.2,0
2025-10-17T11:50:00Z,247,satin_S2,5,56000,53819,51976,49425,47942,505,500,24,9.2,1,0.6,2,1208,45,1,0.662,2,1205.4,50,0,0.062,0,-2.6,5
2025-10-17T11:55:00Z,241,matte_M1,4,55000,52425,50428,48136,46691,500,500,24,8.5,1,0.5,3,1200,42,1,0.442,3,1197.8,42,0,-0.058,0,-2.2,0
2025-10-17T12:00:00Z,244,polish_P1,7.5,65000,62128,60099,57357,55636,520,500,24,8.8,1,0.5,3,1205,40,1,0.492,3,1208.6,41,0,-0.008,0,3.6,1
2025-10-17T12:05:00Z,245,satin_S1,5.5,55000,53079,51652,50481,48574,490,500,24,8.7,1,0.55,3,1200,43,1,0.63,3,1199.7,36,0,0.08,0,-0.3,-7
2025-10-17T12:10:00Z,246,texture_T1,6,56000,53909,52122,51196,49660,510,500,24,9,2,0.6,4,1190,48,2,0.729,4,1190.3,44,0,0.129,0,0.3,-4
2025-10-17T12:15:00Z,247,satin_S2,5,65000,61703,60152,58643,56883,505,500,24,9.2,1,0.6,2,1208,45,1,0.666,2,1210,42,0,0.066,0,2,-3
2025-10-17T12:20:00Z,241,matte_M1,4,70000,69005,67203,64541,62604,500,500,24,8.5,1,0.5,3,1200,42,1,0.645,3,1203.1,51,0,0.145,0,3.1,9
2025-10-17T12:25:00Z,244,polish_P1,7.5,90000,86487,84640,82682,80201,520,500,24,8.8,1,0.5,3,1205,40,1,0.663,4,1208.3,37,0,0.163,1,3.3,-3
2025-10-17T12:30:00Z,245,satin_S1,5.5,55000,52010,50238,48646,47186,490,500,24,8.7,1,0.55,3,1200,43,1,0.566,3,1204.8,41,0,0.016,0,4.8,-2
2025-10-17T12:35:00Z,246,texture_T1,6,56000,53326,52792,51297,49650,510,500,24,9,2,0.6,4,1190,48,2,0.729,4,1192.9,53,0,0.129,0,2.9,5
2025-10-17T12:40:00Z,247,satin_S2,5,90000,86191,83233,80537,78120,505,500,24,9.2,1,0.6,2,1208,45,1,0.676,2,1202,52,0,0.076,0,-6,7
2025-10-17T12:45:00Z,241,matte_M1,4,56000,54006,52305,50920,48433,500,500,24,8.5,1,0.5,3,1200,42,1,0.419,3,1199.7,33,0,-0.081,0,-0.3,-9
2025-10-17T12:50:00Z,244,polish_P1,7.5,60000,57734,56080,54213,52586,520,500,24,8.8,1,0.5,3,1205,40,1,0.619,3,1205.8,33,0,0.119,0,0.8,-7
2025-10-17T12:55:00Z,245,satin_S1,5.5,75000,71253,69016,67066,65054,490,500,24,8.7,1,0.55,3,1200,43,1,0.539,3,1201.5,50,0,-0.011,0,1.5,7
2025-10-17T13:00:00Z,246,texture_T1,6,56000,54060,52754,50196,48690,510,500,24,9,2,0.6,4,1190,48,2,0.711,4,1194.4,52,0,0.111,0,4.4,4
2025-10-17T13:05:00Z,247,satin_S2,5,56000,54466,52841,51938,50379,505,500,24,9.2,1,0.6,2,1208,45,1,0.576,2,1209.7,31,0,-0.024,0,1.7,-14
2025-10-17T13:10:00Z,241,matte_M1,4,56000,53605,51589,50015,48514,500,500,24,8.5,1,0.5,3,1200,42,1,0.59,3,1198.4,46,0,0.09,0,-1.6,4
2025-10-17T13:15:00Z,244,polish_P1,7.5,55000,52578,50579,48246,46798,520,500,24,8.8,1,0.5,3,1205,40,1,0.626,3,1204.7,49,0,0.126,0,-0.3,9
2025-10-17T13:20:00Z,245,satin_S1,5.5,90000,87131,84716,82415,79321,490,500,24,8.7,1,0.55,3,1200,43,1,0.537,3,1197,36,0,-0.013,0,-3,-7
2025-10-17T13:25:00Z,246,texture_T1,6,80000,77919,74983,73350,71149,510,500,24,9,2,0.6,4,1190,48,2,0.814,4,1191.2,41,0,0.214,0,1.2,-7
2025-10-17T13:30:00Z,247,satin_S2,5,90000,85949,82940,79273,76415,505,500,24,9.2,1,0.6,2,1208,45,1,0.661,2,1207.5,38,0,0.061,0,-0.5,-7
2025-10-17T13:35:00Z,241,matte_M1,4,60000,58846,56965,55206,52778,500,500,24,8.5,1,0.5,3,1200,42,1,0.596,3,1203.1,52,0,0.096,0,3.1,10
2025-10-17T13:40:00Z,244,polish_P1,7.5,90000,86959,82904,81411,78968,520,500,24,8.8,1,0.5,3,1205,40,1,0.567,3,1205.1,49,0,0.067,0,0.1,9
2025-10-17T13:45:00Z,245,satin_S1,5.5,75000,72139,69519,67572,65544,490,500,24,8.7,1,0.55,3,1200,43,1,0.726,3,1197.4,40,0,0.176,0,-2.6,-3
2025-10-17T13:50:00Z,246,texture_T1,6,80000,77266,75143,73109,70017,510,500,24,9,2,0.6,4,1190,48,2,0.589,4,1188.3,49,0,-0.011,0,-1.7,1
2025-10-17T13:55:00Z,247,satin_S2,5,90000,87519,83835,82605,78127,505,500,24,9.2,1,0.6,2,1208,45,1,0.613,3,1206.3,53,0,0.013,1,-1.7,8
2025-10-17T14:00:00Z,241,matte_M1,4,60000,58738,57416,55532,53866,500,500,24,8.5,1,0.5,3,1200,42,1,0.418,3,1201.8,46,0,-0.082,0,1.8,4
2025-10-17T14:05:00Z,244,polish_P1,7.5,55000,52715,51000,49495,48010,520,500,24,8.8,1,0.5,3,1205,40,1,0.637,3,1207,41,0,0.137,0,2,1
2025-10-17T14:10:00Z,245,satin_S1,5.5,75000,73493,71679,70020,67919,490,500,24,8.7,1,0.55,3,1200,43,1,0.551,3,1198.9,35,0,0.001,0,-1.1,-8
2025-10-17T14:15:00Z,246,texture_T1,6,55000,52704,51102,49192,47716,510,500,24,9,2,0.6,4,1190,48,2,0.577,4,1182.9,49,0,-0.023,0,-7.1,1
2025-10-17T14:20:00Z,247,satin_S2,5,90000,86659,84017,82114,79650,505,500,24,9.2,1,0.6,2,1208,45,1,0.586,2,1207.5,39,0,-0.014,0,-0.5,-6
2025-10-17T14:25:00Z,241,matte_M1,4,56000,53710,53031,50716,49194,500,500,24,8.5,1,0.5,3,1200,42,1,0.562,3,1197.4,40,0,0.062,0,-2.6,-2
2025-10-17T14:30:00Z,244,polish_P1,7.5,80000,76061,72918,68805,66740,520,500,24,8.8,1,0.5,3,1205,40,1,0.624,3,1208.4,40,0,0.124,0,3.4,0
2025-10-17T14:35:00Z,245,satin_S1,5.5,80000,77505,75208,72874,70687,490,500,24,8.7,1,0.55,3,1200,43,1,0.701,3,1199.1,41,0,0.151,0,-0.9,-2
2025-10-17T14:40:00Z,246,texture_T1,6,65000,62934,61586,58563,56806,510,500,24,9,2,0.6,4,1190,48,2,0.666,4,1188,46,0,0.066,0,-2,-2
2025-10-17T14:45:00Z,247,satin_S2,5,90000,86041,82523,79718,77326,505,500,24,9.2,1,0.6,2,1208,45,1,0.631,3,1203.8,48,0,0.031,1,-4.2,3
2025-10-17T14:50:00Z,241,matte_M1,4,65000,61637,60057,57964,56225,500,500,24,8.5,1,0.5,3,1200,42,1,0.507,3,1201.4,48,0,0.007,0,1.4,6
2025-10-17T14:55:00Z,244,polish_P1,7.5,60000,57897,56323,54432,52799,520,500,24,8.8,1,0.5,3,1205,40,1,0.471,3,1201.8,41,0,-0.029,0,-3.2,1
2025-10-17T15:00:00Z,245,satin_S1,5.5,75000,72198,69430,67184,65168,490,500,24,8.7,1,0.55,3,1200,43,1,0.607,3,1203.2,41,0,0.057,0,3.2,-2
2025-10-17T15:05:00Z,246,texture_T1,6,90000,87838,84504,80960,78531,510,500,24,9,2,0.6,4,1190,48,2,0.639,4,1192.8,47,0,0.039,0,2.8,-1
2025-10-17T15:10:00Z,247,satin_S2,5,70000,67184,65573,63411,60894,505,500,24,9.2,1,0.6,2,1208,45,1,0.665,2,1208.1,47,0,0.065,0,0.1,2
2025-10-17T15:15:00Z,241,matte_M1,4,90000,86197,83526,80546,78129,500,500,24,8.5,1,0.5,3,1200,42,1,0.571,3,1202.4,37,0,0.071,0,2.4,-5
2025-10-17T15:20:00Z,244,polish_P1,7.5,70000,67546,65159,63444,61540,520,500,24,8.8,1,0.5,3,1205,40,1,0.618,3,1203.8,38,0,0.118,0,-1.2,-2
2025-10-17T15:25:00Z,245,satin_S1,5.5,80000,76865,74573,72625,70446,490,500,24,8.7,1,0.55,3,1200,43,1,0.568,3,1202.1,47,0,0.018,0,2.1,4
2025-10-17T15:30:00Z,246,texture_T1,6,90000,87190,84329,81186,74938,510,500,24,9,2,0.6,4,1190,48,2,0.638,4,1194.5,45,0,0.038,0,4.5,-3
2025-10-17T15:35:00Z,247,satin_S2,5,65000,63768,61970,60507,57270,505,500,24,9.2,1,0.6,2,1208,45,1,0.634,2,1210.7,33,0,0.034,0,2.7,-12
2025-10-17T15:40:00Z,241,matte_M1,4,70000,67783,65030,62853,60967,500,500,24,8.5,1,0.5,3,1200,42,1,0.621,3,1201,43,0,0.121,0,1,1
2025-10-17T15:45:00Z,244,polish_P1,7.5,70000,66886,65372,63302,60814,520,500,24,8.8,1,0.5,3,1205,40,1,0.414,3,1204.5,45,0,-0.086,0,-0.5,5
2025-10-17T15:50:00Z,245,satin_S1,5.5,60000,58138,56946,55596,51721,490,500,24,8.7,1,0.55,3,1200,43,1,0.471,3,1198.5,42,0,-0.079,0,-1.5,-1
2025-10-17T15:55:00Z,246,texture_T1,6,70000,68248,66831,64831,62886,510,500,24,9,2,0.6,4,1190,48,2,0.604,4,1190.6,50,0,0.004,0,0.6,2
2025-10-17T16:00:00Z,247,satin_S2,5,75000,71057,68898,67255,65237,505,500,24,9.2,1,0.6,2,1208,45,2,0.656,2,1206.6,44,1,0.056,0,-1.4,-1
2025-10-17T16:05:00Z,241,matte_M1,4,56000,54147,53317,51132,49598,500,500,24,8.5,1,0.5,3,1200,42,1,0.436,3,1193.8,39,0,-0.064,0,-6.2,-3
2025-10-17T16:10:00Z,244,polish_P1,7.5,60000,57825,55779,54430,52797,520,500,24,8.8,1,0.5,3,1205,40,1,0.558,3,1209.4,27,0,0.058,0,4.4,-13
2025-10-17T16:15:00Z,245,satin_S1,5.5,90000,85702,83062,80397,77985,490,500,24,8.7,1,0.55,3,1200,43,1,0.575,3,1199.9,39,0,0.025,0,-0.1,-4
2025-10-17T16:20:00Z,246,texture_T1,6,70000,67379,65657,64109,61173,510,500,24,9,2,0.6,4,1190,48,2,0.661,4,1183.2,45,0,0.061,0,-6.8,-3
2025-10-17T16:25:00Z,247,satin_S2,5,90000,87617,85262,83863,81347,505,500,24,9.2,1,0.6,2,1208,45,1,0.588,2,1207,35,0,-0.012,0,-1,-10
2025-10-17T16:30:00Z,241,matte_M1,4,55000,53254,52201,50749,49226,500,500,24,8.5,1,0.5,3,1200,42,2,0.596,3,1202.1,50,1,0.096,0,2.1,8
2025-10-17T16:35:00Z,244,polish_P1,7.5,80000,77622,75045,72793,70609,520,500,24,8.8,1,0.5,3,1205,40,1,0.607,3,1209.4,33,0,0.107,0,4.4,-7
2025-10-17T16:40:00Z,245,satin_S1,5.5,55000,53362,51824,50287,48778,490,500,24,8.7,1,0.55,3,1200,43,1,0.595,3,1202,40,0,0.045,0,2,-3
2025-10-17T16:45:00Z,246,texture_T1,6,75000,71981,68866,66585,64587,510,500,24,9,2,0.6,4,1190,48,3,0.668,4,1196.3,45,1,0.068,0,6.3,-3
2025-10-17T16:50:00Z,247,satin_S2,5,60000,58685,57367,55553,53886,505,500,24,9.2,1,0.6,2,1208,45,1,0.659,2,1213.7,45,0,0.059,0,5.7,0
2025-10-17T16:55:00Z,241,matte_M1,4,75000,73089,70423,67887,65850,500,500,24,8.5,1,0.5,3,1200,42,1,0.487,3,1198.4,52,0,-0.013,0,-1.6,10
2025-10-17T17:00:00Z,244,polish_P1,7.5,56000,53850,52166,50220,48277,520,500,24,8.8,1,0.5,3,1205,40,1,0.599,3,1202.1,39,0,0.099,0,-2.9,-1
2025-10-17T17:05:00Z,245,satin_S1,5.5,56000,54550,52712,50780,49256,490,500,24,8.7,1,0.55,3,1200,43,1,0.624,3,1202.4,45,0,0.074,0,2.4,2
2025-10-17T17:10:00Z,246,texture_T1,6,80000,77083,75317,72685,70504,510,500,24,9,2,0.6,4,1190,48,2,0.622,4,1186.2,41,0,0.022,0,-3.8,-7
2025-10-17T17:15:00Z,247,satin_S2,5,70000,67202,65743,63687,61776,505,500,24,9.2,1,0.6,2,1208,45,1,0.626,2,1209.3,51,0,0.026,0,1.3,6
2025-10-17T17:20:00Z,241,matte_M1,4,80000,76663,74329,71979,69819,500,500,24,8.5,1,0.5,3,1200,42,1,0.499,3,1196.1,29,0,-0.001,0,-3.9,-13
2025-10-17T17:25:00Z,244,polish_P1,7.5,70000,67517,64926,63438,61534,520,500,24,8.8,1,0.5,3,1205,40,1,0.534,3,1202.7,39,0,0.034,0,-2.3,-1
2025-10-17T17:30:00Z,245,satin_S1,5.5,80000,76664,75190,72858,70672,490,500,24,8.7,1,0.55,3,1200,43,1,0.494,3,1203.3,49,0,-0.056,0,3.3,6
2025-10-17T17:35:00Z,246,texture_T1,6,70000,67532,65354,62021,60160,510,500,24,9,2,0.6,4,1190,48,2,0.82,4,1195.1,47,0,0.22,0,5.1,-1
2025-10-17T17:40:00Z,247,satin_S2,5,60000,58052,56562,54929,52551,505,500,24,9.2,1,0.6,2,1208,45,1,0.761,2,1205.6,40,0,0.161,0,-2.4,-5
2025-10-17T17:45:00Z,241,matte_M1,4,65000,62504,60641,58442,56688,500,500,24,8.5,1,0.5,3,1200,42,1,0.568,3,1201.4,46,0,0.068,0,1.4,4
2025-10-17T17:50:00Z,244,polish_P1,7.5,90000,86203,83998,81950,79163,520,500,24,8.8,1,0.5,3,1205,40,1,0.626,3,1205.4,37,0,0.126,0,0.4,-3
2025-10-17T17:55:00Z,245,satin_S1,5.5,70000,66816,65226,63088,61195,490,500,24,8.7,1,0.55,3,1200,43,1,0.535,3,1200.8,40,0,-0.015,0,0.8,-3
2025-10-17T18:00:00Z,246,texture_T1,6,90000,88060,86507,84979,81551,510,500,24,9,2,0.6,4,1190,48,2,0.593,4,1193,51,0,-0.007,0,3,3
2025-10-17T18:05:00Z,247,satin_S2,5,70000,67919,66342,64074,61980,505,500,24,9.2,1,0.6,2,1208,45,1,0.636,2,1207,49,0,0.036,0,-1,4
2025-10-17T18:10:00Z,241,matte_M1,4,75000,72087,70168,67692,65569,500,500,24,8.5,1,0.5,3,1200,42,1,0.583,3,1200.2,31,0,0.083,0,0.2,-11
2025-10-17T18:15:00Z,244,polish_P1,7.5,75000,72382,70223,68756,66693,520,500,24,8.8,1,0.5,3,1205,40,1,0.555,2,1202.5,49,0,0.055,-1,-2.5,9
2025-10-17T18:20:00Z,245,satin_S1,5.5,90000,86675,84020,82065,79603,490,500,24,8.7,1,0.55,3,1200,43,1,0.564,2,1197.9,43,0,0.014,-1,-2.1,0
2025-10-17T18:25:00Z,246,texture_T1,6,56000,54114,52450,50349,48838,510,500,24,9,2,0.6,4,1190,48,2,0.798,4,1192.3,47,0,0.198,0,2.3,-1
2025-10-17T18:30:00Z,247,satin_S2,5,80000,77176,75030,72995,70805,505,500,24,9.2,1,0.6,2,1208,45,1,0.645,2,1204.8,49,0,0.045,0,-3.2,4
2025-10-17T18:35:00Z,241,matte_M1,4,90000,87549,84130,82464,79990,500,500,24,8.5,1,0.5,3,1200,42,1,0.502,3,1202,44,0,0.002,0,2,2
2025-10-17T18:40:00Z,244,polish_P1,7.5,80000,77180,75005,72153,69988,520,500,24,8.8,1,0.5,3,1205,40,1,0.578,3,1210.2,30,0,0.078,0,5.2,-10
2025-10-17T18:45:00Z,245,satin_S1,5.5,75000,72062,69421,67756,65723,490,500,24,8.7,1,0.55,3,1200,43,1,0.584,3,1198.4,35,0,0.034,0,-1.6,-8
2025-10-17T18:50:00Z,246,texture_T1,6,55000,53343,52095,50620,49101,510,500,24,9,2,0.6,4,1190,48,2,0.592,4,1186.4,48,0,-0.008,0,-3.6,0
2025-10-17T18:55:00Z,247,satin_S2,5,56000,55385,53829,52233,50169,505,500,24,9.2,1,0.6,2,1208,45,1,0.688,2,1207.6,38,0,0.088,0,-0.4,-7
2025-10-17T19:00:00Z,241,matte_M1,4,75000,73095,71002,68915,65398,500,500,24,8.5,1,0.5,3,1200,42,1,0.533,3,1202.4,34,0,0.033,0,2.4,-8
2025-10-17T19:05:00Z,244,polish_P1,7.5,60000,58063,56790,54692,53051,520,500,24,8.8,1,0.5,3,1205,40,1,0.47,3,1206.2,38,0,-0.03,0,1.2,-2
2025-10-17T19:10:00Z,245,satin_S1,5.5,70000,67081,64625,62634,60754,490,500,24,8.7,1,0.55,3,1200,43,1,0.577,3,1201.8,43,0,0.027,0,1.8,0
2025-10-17T19:15:00Z,246,texture_T1,6,80000,77977,75311,72659,70479,510,500,24,9,2,0.6,4,1190,48,2,0.686,4,1186,53,0,0.086,0,-4,5
2025-10-17T19:20:00Z,247,satin_S2,5,70000,67738,65978,63690,61779,505,500,24,9.2,1,0.6,2,1208,45,1,0.611,2,1214.6,43,0,0.011,0,6.6,-2
2025-10-17T19:25:00Z,241,matte_M1,4,90000,86723,84276,81388,78946,500,500,24,8.5,1,0.5,3,1200,42,1,0.584,3,1198,46,0,0.084,0,-2,4
2025-10-17T19:30:00Z,244,polish_P1,7.5,55000,52920,52212,49919,48205,520,500,24,8.8,1,0.5,3,1205,40,1,0.563,3,1208,38,0,0.063,0,3,-2
2025-10-17T19:35:00Z,245,satin_S1,5.5,90000,86857,84002,79879,77482,490,500,24,8.7,1,0.55,3,1200,43,1,0.602,3,1198.7,45,0,0.052,0,-1.3,2
2025-10-17T19:40:00Z,246,texture_T1,6,70000,68118,66533,64808,62863,510,500,24,9,2,0.6,4,1190,48,2,0.804,4,1191.6,48,0,0.204,0,1.6,0
2025-10-17T19:45:00Z,247,satin_S2,5,80000,77137,74359,70609,68490,505,500,24,9.2,1,0.6,2,1208,45,1,0.71,2,1205.5,56,0,0.11,0,-2.5,11
2025-10-17T19:50:00Z,241,matte_M1,4,56000,54139,51478,49692,48201,500,500,24,8.5,1,0.5,3,1200,42,1,0.496,3,1205.7,43,0,-0.004,0,5.7,1
2025-10-17T19:55:00Z,244,polish_P1,7.5,90000,86440,85465,81726,79274,520,500,24,8.8,1,0.5,3,1205,40,1,0.659,3,1204.1,37,0,0.159,0,-0.9,-3
2025-10-17T20:00:00Z,245,satin_S1,5.5,56000,53554,51717,49970,48470,490,500,24,8.7,1,0.55,3,1200,43,1,0.573,3,1200.6,35,0,0.023,0,0.6,-8
2025-10-17T20:05:00Z,246,texture_T1,6,65000,62154,60279,57817,56082,510,500,24,9,2,0.6,4,1190,48,2,0.761,4,1193,46,0,0.161,0,3,-2
2025-10-17T20:10:00Z,247,satin_S2,5,70000,66459,64632,62468,60326,505,500,24,9.2,1,0.6,2,1208,45,1,0.705,3,1214.1,45,0,0.105,1,6.1,0
2025-10-17T20:15:00Z,241,matte_M1,4,56000,54224,52144,50586,48330,500,500,24,8.5,1,0.5,3,1200,42,1,0.525,3,1197.1,34,0,0.025,0,-2.9,-8
2025-10-17T20:20:00Z,244,polish_P1,7.5,55000,53034,50740,48684,47223,520,500,24,8.8,1,0.5,3,1205,40,1,0.625,3,1206.3,41,0,0.125,0,1.3,1
2025-10-17T20:25:00Z,245,satin_S1,5.5,90000,86751,84673,81808,79353,490,500,24,8.7,1,0.55,3,1200,43,1,0.601,3,1196.5,43,0,0.051,0,-3.5,0
2025-10-17T20:30:00Z,246,texture_T1,6,80000,76665,75823,73559,71352,510,500,24,9,2,0.6,4,1190,48,2,0.639,4,1193,46,0,0.039,0,3,-2
2025-10-17T20:35:00Z,247,satin_S2,5,80000,77252,75175,72696,68631,505,500,24,9.2,1,0.6,2,1208,45,1,0.655,2,1209.6,51,0,0.055,0,1.6,6
2025-10-17T20:40:00Z,241,matte_M1,4,80000,76834,73485,71470,69325,500,500,24,8.5,1,0.5,3,1200,42,1,0.578,3,1195.4,46,0,0.078,0,-4.6,4
2025-10-17T20:45:00Z,244,polish_P1,7.5,80000,77175,74536,72377,70205,520,500,24,8.8,1,0.5,3,1205,40,1,0.515,3,1205,35,0,0.015,0,0,-5
2025-10-17T20:50:00Z,245,satin_S1,5.5,55000,53038,51384,49864,48210,490,500,24,8.7,1,0.55,3,1200,43,1,0.579,3,1194.5,34,0,0.029,0,-5.5,-9
2025-10-17T20:55:00Z,246,texture_T1,6,80000,76903,74719,72773,70589,510,500,24,9,2,0.6,4,1190,48,2,0.612,4,1191.5,49,0,0.012,0,1.5,1
2025-10-17T21:00:00Z,247,satin_S2,5,90000,87353,85365,82013,79552,505,500,24,9.2,1,0.6,2,1208,45,1,0.636,2,1210,46,0,0.036,0,2,1
2025-10-17T21:05:00Z,241,matte_M1,4,75000,72759,70275,67993,65953,500,500,24,8.5,1,0.5,3,1200,42,1,0.58,3,1199.5,43,0,0.08,0,-0.5,1
2025-10-17T21:10:00Z,244,polish_P1,7.5,75000,72955,70869,68895,66655,520,500,24,8.8,1,0.5,3,1205,40,1,0.664,3,1206.7,36,0,0.164,0,1.7,-4
2025-10-17T21:15:00Z,245,satin_S1,5.5,90000,87070,82876,79858,77462,490,500,24,8.7,1,0.55,3,1200,43,1,0.594,3,1203.9,44,0,0.044,0,3.9,1
2025-10-17T21:20:00Z,246,texture_T1,6,56000,53765,52262,50495,48980,510,500,24,9,2,0.6,4,1190,48,2,0.687,4,1185.9,52,0,0.087,0,-4.1,4
2025-10-17T21:25:00Z,247,satin_S2,5,80000,78376,75247,72458,68928,505,500,24,9.2,1,0.6,2,1208,45,1,0.571,2,1207.9,45,0,-0.029,0,-0.1,0
2025-10-17T21:30:00Z,241,matte_M1,4,90000,86306,83779,80887,78460,500,500,24,8.5,1,0.5,3,1200,42,1,0.515,3,1194.3,47,0,0.015,0,-5.7,5
2025-10-17T21:35:00Z,244,polish_P1,7.5,65000,62858,60156,58549,56792,520,500,24,8.8,1,0.5,3,1205,40,1,0.603,3,1207.1,38,0,0.103,0,2.1,-2
2025-10-17T21:40:00Z,245,satin_S1,5.5,60000,57929,54843,53288,51689,490,500,24,8.7,1,0.55,3,1200,43,1,0.65,3,1204.3,34,0,0.1,0,4.3,-9
2025-10-17T21:45:00Z,246,texture_T1,6,55000,53360,52400,50914,48776,510,500,24,9,2,0.6,4,1190,48,2,0.695,4,1184.3,45,0,0.095,0,-5.7,-3
2025-10-17T21:50:00Z,247,satin_S2,5,65000,63024,60891,59185,57409,505,500,24,9.2,1,0.6,2,1208,45,1,0.603,2,1207.9,40,0,0.003,0,-0.1,-5
2025-10-17T21:55:00Z,241,matte_M1,4,65000,62845,62044,59971,58171,500,500,24,8.5,1,0.5,3,1200,42,1,0.536,3,1199.7,43,0,0.036,0,-0.3,1
2025-10-17T22:00:00Z,244,polish_P1,7.5,90000,86446,83172,80066,77664,520,500,24,8.8,1,0.5,3,1205,40,1,0.704,3,1207.2,41,0,0.204,0,2.2,1
2025-10-17T22:05:00Z,245,satin_S1,5.5,55000,52823,50686,49489,47688,490,500,24,8.7,1,0.55,3,1200,43,1,0.585,3,1199.1,50,0,0.035,0,-0.9,7
2025-10-17T22:10:00Z,246,texture_T1,6,75000,73685,70944,68006,65965,510,500,24,9,2,0.6,4,1190,48,2,0.618,4,1188.5,47,0,0.018,0,-1.5,-1
2025-10-17T22:15:00Z,247,satin_S2,5,65000,62128,59579,57283,55564,505,500,24,9.2,1,0.6,2,1208,45,1,0.616,2,1210.6,44,0,0.016,0,2.6,-1
2025-10-17T22:20:00Z,241,matte_M1,4,70000,66606,65255,63453,61549,500,500,24,8.5,1,0.5,3,1200,42,1,0.551,3,1197,52,0,0.051,0,-3,10
2025-10-17T22:25:00Z,244,polish_P1,7.5,90000,87623,84571,81186,78750,520,500,24,8.8,1,0.5,3,1205,40,1,0.487,3,1215.6,35,0,-0.013,0,10.6,-5
2025-10-17T22:30:00Z,245,satin_S1,5.5,90000,86783,84128,81294,78855,490,500,24,8.7,1,0.55,3,1200,43,1,0.615,3,1201.2,36,0,0.065,0,1.2,-7
2025-10-17T22:35:00Z,246,texture_T1,6,80000,77092,74820,72816,70240,510,500,24,9,2,0.6,4,1190,48,2,0.751,4,1193.6,47,0,0.151,0,3.6,-1
2025-10-17T22:40:00Z,247,satin_S2,5,55000,53220,51347,49980,48480,505,500,24,9.2,1,0.6,2,1208,45,1,0.625,2,1207.9,43,0,0.025,0,-0.1,-2
2025-10-17T22:45:00Z,241,matte_M1,4,65000,61934,60601,58459,56705,500,500,24,8.5,1,0.5,3,1200,42,1,0.527,3,1198.1,47,0,0.027,0,-1.9,5
2025-10-17T22:50:00Z,244,polish_P1,7.5,75000,72946,70444,67852,65816,520,500,24,8.8,1,0.5,3,1205,40,1,0.516,3,1205.4,37,0,0.016,0,0.4,-3
2025-10-17T22:55:00Z,245,satin_S1,5.5,56000,53440,52105,50340,48829,490,500,24,8.7,1,0.55,3,1200,43,1,0.598,3,1204.2,41,0,0.048,0,4.2,-2
2025-10-17T23:00:00Z,246,texture_T1,6,60000,57506,56053,54181,52555,510,500,24,9,2,0.6,4,1190,48,2,0.729,4,1187.2,53,0,0.129,0,-2.8,5
2025-10-17T23:05:00Z,247,satin_S2,5,80000,76616,74899,72905,70717,505,500,24,9.2,1,0.6,2,1208,45,1,0.661,2,1208.3,41,0,0.061,0,0.3,-4
2025-10-17T23:10:00Z,241,matte_M1,4,70000,67607,65919,63849,61933,500,500,24,8.5,1,0.5,3,1200,42,1,0.563,3,1197,43,0,0.063,0,-3,1
2025-10-17T23:15:00Z,244,polish_P1,7.5,90000,87716,85028,81988,79528,520,500,24,8.8,1,0.5,3,1205,40,1,0.402,3,1204.4,44,0,-0.098,0,-0.6,4
2025-10-17T23:20:00Z,245,satin_S1,5.5,90000,85628,84173,81505,77049,490,500,24,8.7,1,0.55,3,1200,43,1,0.613,3,1205.1,51,0,0.063,0,5.1,8
2025-10-17T23:25:00Z,246,texture_T1,6,56000,53421,51803,49252,47774,510,500,24,9,2,0.6,4,1190,48,2,0.777,4,1187.8,52,0,0.177,0,-2.2,4
2025-10-17T23:30:00Z,247,satin_S2,5,90000,87014,84205,81837,79381,505,500,24,9.2,1,0.6,2,1208,45,1,0.623,2,1212.7,47,0,0.023,0,4.7,2
2025-10-17T23:35:00Z,241,matte_M1,4,56000,54005,53164,51368,49570,500,500,24,8.5,1,0.5,3,1200,42,1,0.641,3,1197.6,45,0,0.141,0,-2.4,3
2025-10-17T23:40:00Z,244,polish_P1,7.5,60000,57920,56413,54906,53258,520,500,24,8.8,1,0.5,3,1205,40,1,0.578,3,1204.3,41,0,0.078,0,-0.7,1
2025-10-17T23:45:00Z,245,satin_S1,5.5,75000,72015,69032,67187,65171,490,500,24,8.7,1,0.55,3,1200,43,1,0.558,3,1200.5,36,0,0.008,0,0.5,-7
2025-10-17T23:50:00Z,246,texture_T1,6,56000,54168,52281,50707,49185,510,500,24,9,2,0.6,4,1190,48,2,0.658,4,1188.6,48,0,0.058,0,-1.4,0
2025-10-17T23:55:00Z,247,satin_S2,5,56000,54459,52913,51556,50009,505,500,24,9.2,1,0.6,2,1208,45,1,0.608,2,1206.5,48,0,0.008,0,-1.5,3
2025-10-18T00:00:00Z,241,matte_M1,4,56000,53718,51982,50525,49009,500,500,24,8.5,1,0.5,3,1200,42,1,0.442,3,1204.8,43,0,-0.058,0,4.8,1
2025-10-18T00:05:00Z,244,polish_P1,7.5,80000,78002,75483,72615,70436,520,500,24,8.8,1,0.5,3,1205,40,1,0.489,2,1205.7,46,0,-0.011,-1,0.7,6
2025-10-18T00:10:00Z,245,satin_S1,5.5,70000,67788,65340,63929,62011,490,500,24,8.7,1,0.55,3,1200,43,1,0.627,3,1202.8,47,0,0.077,0,2.8,4
2025-10-18T00:15:00Z,246,texture_T1,6,60000,58668,57310,54777,53133,510,500,24,9,2,0.6,4,1190,48,2,0.594,4,1189.4,50,0,-0.006,0,-0.6,2
2025-10-18T00:20:00Z,247,satin_S2,5,60000,58512,56368,54729,52647,505,500,24,9.2,1,0.6,2,1208,45,1,0.637,2,1207.8,51,0,0.037,0,-0.2,6
2025-10-18T00:25:00Z,241,matte_M1,4,65000,62347,60451,58579,56821,500,500,24,8.5,1,0.5,3,1200,42,1,0.456,3,1201.6,38,0,-0.044,0,1.6,-4
2025-10-18T00:30:00Z,244,polish_P1,7.5,65000,62117,60188,57701,55969,520,500,24,8.8,1,0.5,3,1205,40,1,0.678,3,1199.4,30,0,0.178,0,-5.6,-10
2025-10-18T00:35:00Z,245,satin_S1,5.5,70000,68241,65792,63449,61545,490,500,24,8.7,1,0.55,3,1200,43,1,0.604,3,1199.4,43,0,0.054,0,-0.6,0
2025-10-18T00:40:00Z,246,texture_T1,6,55000,52823,50608,48907,47439,510,500,24,9,2,0.6,4,1190,48,2,0.554,4,1196.4,44,0,-0.046,0,6.4,-4
2025-10-18T00:45:00Z,247,satin_S2,5,65000,61913,59612,57657,55927,505,500,24,9.2,1,0.6,2,1208,45,1,0.732,2,1207.3,42,0,0.132,0,-0.7,-3
2025-10-18T00:50:00Z,241,matte_M1,4,55000,52801,50936,49656,48166,500,500,24,8.5,1,0.5,3,1200,42,1,0.44,3,1204.6,38,0,-0.06,0,4.6,-4
2025-10-18T00:55:00Z,244,polish_P1,7.5,60000,58096,56658,54706,53064,520,500,24,8.8,1,0.5,3,1205,40,1,0.483,3,1208.3,40,0,-0.017,0,3.3,0
2025-10-18T01:00:00Z,245,satin_S1,5.5,80000,77880,76044,74950,72701,490,500,24,8.7,1,0.55,3,1200,43,1,0.691,3,1201.2,37,0,0.141,0,1.2,-6
2025-10-18T01:05:00Z,246,texture_T1,6,70000,66931,65250,62493,60618,510,500,24,9,2,0.6,4,1190,48,2,0.65,4,1187.3,46,0,0.05,0,-2.7,-2
2025-10-18T01:10:00Z,247,satin_S2,5,80000,77168,74307,71917,69759,505,500,24,9.2,1,0.6,2,1208,45,1,0.625,2,1212.3,51,0,0.025,0,4.3,6
2025-10-18T01:15:00Z,241,matte_M1,4,65000,62426,59907,58558,56801,500,500,24,8.5,1,0.5,3,1200,42,1,0.521,3,1201.5,42,0,0.021,0,1.5,0
2025-10-18T01:20:00Z,244,polish_P1,7.5,65000,62113,59496,57627,55898,520,500,24,8.8,1,0.5,3,1205,40,1,0.612,3,1201.9,45,0,0.112,0,-3.1,5
2025-10-18T01:25:00Z,245,satin_S1,5.5,75000,71806,69285,67610,65581,490,500,24,8.7,1,0.55,3,1200,43,1,0.67,3,1196.8,43,0,0.12,0,-3.2,0
2025-10-18T01:30:00Z,246,texture_T1,6,60000,57722,56233,53946,52327,510,500,24,9,2,0.6,4,1190,48,2,0.636,4,1193.7,52,0,0.036,0,3.7,4
2025-10-18T01:35:00Z,247,satin_S2,5,55000,53959,52715,50862,48438,505,500,24,9.2,1,0.6,2,1208,45,1,0.572,2,1211.1,36,0,-0.028,0,3.1,-9
2025-10-18T01:40:00Z,241,matte_M1,4,70000,67018,65649,64378,62446,500,500,24,8.5,1,0.5,3,1200,42,1,0.491,3,1197.1,42,0,-0.009,0,-2.9,0
2025-10-18T01:45:00Z,244,polish_P1,7.5,80000,77763,75803,73678,71060,520,500,24,8.8,1,0.5,3,1205,40,1,0.513,3,1203.3,34,0,0.013,0,-1.7,-6
2025-10-18T01:50:00Z,245,satin_S1,5.5,55000,53566,52072,51132,49598,490,500,24,8.7,1,0.55,3,1200,43,1,0.71,3,1200,48,0,0.16,0,0,5
2025-10-18T01:55:00Z,246,texture_T1,6,90000,86433,84372,81500,77094,510,500,24,9,2,0.6,4,1190,48,2,0.585,4,1194.4,43,0,-0.015,0,4.4,-5
2025-10-18T02:00:00Z,247,satin_S2,5,90000,87100,83064,80528,78112,505,500,24,9.2,1,0.6,2,1208,45,1,0.587,1,1207.5,44,0,-0.013,-1,-0.5,-1
2025-10-18T02:05:00Z,241,matte_M1,4,70000,66791,64312,61716,59864,500,500,24,8.5,1,0.5,3,1200,42,1,0.593,3,1205.3,43,0,0.093,0,5.3,1
2025-10-18T02:10:00Z,244,polish_P1,7.5,55000,53415,51829,50062,48560,520,500,24,8.8,1,0.5,3,1205,40,1,0.517,3,1202.6,24,0,0.017,0,-2.4,-16
2025-10-18T02:15:00Z,245,satin_S1,5.5,90000,87102,84684,81633,79184,490,500,24,8.7,1,0.55,3,1200,43,1,0.594,3,1201,45,0,0.044,0,1,2
2025-10-18T02:20:00Z,246,texture_T1,6,80000,78052,74422,72975,70785,510,500,24,9,2,0.6,4,1190,48,2,0.688,4,1186.6,47,0,0.088,0,-3.4,-1
2025-10-18T02:25:00Z,247,satin_S2,5,80000,77531,75038,71323,69183,505,500,24,9.2,1,0.6,2,1208,45,1,0.693,3,1216.2,47,0,0.093,1,8.2,2
2025-10-18T02:30:00Z,241,matte_M1,4,56000,54552,52558,51078,49172,500,500,24,8.5,1,0.5,3,1200,42,1,0.516,3,1201.2,36,0,0.016,0,1.2,-6
2025-10-18T02:35:00Z,244,polish_P1,7.5,90000,87283,85966,84028,79094,520,500,24,8.8,1,0.5,3,1205,40,1,0.539,3,1210.6,41,0,0.039,0,5.6,1
2025-10-18T02:40:00Z,245,satin_S1,5.5,55000,53373,51563,50068,48565,490,500,24,8.7,1,0.55,3,1200,43,1,0.689,3,1204.8,42,0,0.139,0,4.8,-1
2025-10-18T02:45:00Z,246,texture_T1,6,56000,53975,51983,50424,48911,510,500,24,9,2,0.6,4,1190,48,2,0.68,4,1192.1,47,0,0.08,0,2.1,-1
2025-10-18T02:50:00Z,247,satin_S2,5,70000,68081,65658,63776,61862,505,500,24,9.2,1,0.6,2,1208,45,1,0.482,2,1209.2,42,0,-0.118,0,1.2,-3
2025-10-18T02:55:00Z,241,matte_M1,4,90000,86117,84985,82531,80055,500,500,24,8.5,1,0.5,3,1200,42,1,0.483,3,1193.8,36,0,-0.017,0,-6.2,-6
2025-10-18T03:00:00Z,244,polish_P1,7.5,90000,85027,81734,79067,76694,520,500,24,8.8,1,0.5,3,1205,40,1,0.692,3,1206.6,43,0,0.192,0,1.6,3
2025-10-18T03:05:00Z,245,satin_S1,5.5,70000,68326,65322,62617,60738,490,500,24,8.7,1,0.55,3,1200,43,1,0.475,3,1195.6,44,0,-0.075,0,-4.4,1
2025-10-18T03:10:00Z,246,texture_T1,6,90000,87129,83759,81115,78681,510,500,24,9,2,0.6,4,1190,48,2,0.616,4,1189.3,55,0,0.016,0,-0.7,7
2025-10-18T03:15:00Z,247,satin_S2,5,56000,54026,52230,50219,48712,505,500,24,9.2,1,0.6,2,1208,45,1,0.568,2,1213.2,50,0,-0.032,0,5.2,5
2025-10-18T03:20:00Z,241,matte_M1,4,56000,54251,53155,51564,50017,500,500,24,8.5,1,0.5,3,1200,42,1,0.59,3,1202.5,41,0,0.09,0,2.5,-1
2025-10-18T03:25:00Z,244,polish_P1,7.5,55000,53264,50716,49357,47876,520,500,24,8.8,1,0.5,3,1205,40,1,0.631,3,1210.1,37,0,0.131,0,5.1,-3
2025-10-18T03:30:00Z,245,satin_S1,5.5,80000,76131,73886,71628,69479,490,500,24,8.7,1,0.55,3,1200,43,1,0.699,3,1197.6,44,0,0.149,0,-2.4,1
2025-10-18T03:35:00Z,246,texture_T1,6,80000,77981,75046,72304,69118,510,500,24,9,2,0.6,4,1190,48,2,0.585,4,1189,50,0,-0.015,0,-1,2
2025-10-18T03:40:00Z,247,satin_S2,5,56000,53754,51531,50249,48741,505,500,24,9.2,1,0.6,2,1208,45,1,0.625,2,1210.9,43,0,0.025,0,2.9,-2
2025-10-18T03:45:00Z,241,matte_M1,4,80000,76887,75925,72123,69959,500,500,24,8.5,1,0.5,3,1200,42,1,0.574,3,1199.7,45,0,0.074,0,-0.3,3
2025-10-18T03:50:00Z,244,polish_P1,7.5,60000,57249,55636,53877,52260,520,500,24,8.8,1,0.5,3,1205,40,1,0.569,2,1206.7,39,0,0.069,-1,1.7,-1
2025-10-18T03:55:00Z,245,satin_S1,5.5,90000,86362,84760,80420,78007,490,500,24,8.7,1,0.55,3,1200,43,1,0.634,3,1201,40,0,0.084,0,1,-3
2025-10-18T04:00:00Z,246,texture_T1,6,56000,53406,52170,50092,48589,510,500,24,9,2,0.6,4,1190,48,2,0.653,4,1189.6,45,0,0.053,0,-0.4,-3
2025-10-18T04:05:00Z,247,satin_S2,5,75000,73524,70749,67716,65684,505,500,24,9.2,1,0.6,2,1208,45,1,0.764,2,1212.3,39,0,0.164,0,4.3,-6
2025-10-18T04:10:00Z,241,matte_M1,4,65000,62613,61094,59669,56493,500,500,24,8.5,1,0.5,3,1200,42,1,0.687,3,1195.7,45,0,0.187,0,-4.3,3
2025-10-18T04:15:00Z,244,polish_P1,7.5,80000,78714,76010,73647,71437,520,500,24,8.8,1,0.5,3,1205,40,1,0.568,3,1203.7,33,0,0.068,0,-1.3,-7
2025-10-18T04:20:00Z,245,satin_S1,5.5,70000,68423,66681,63872,61955,490,500,24,8.7,1,0.55,3,1200,43,1,0.595,3,1200.4,49,0,0.045,0,0.4,6
2025-10-18T04:25:00Z,246,texture_T1,6,56000,53965,52239,50952,49423,510,500,24,9,2,0.6,4,1190,48,2,0.643,4,1186.7,45,0,0.043,0,-3.3,-3
2025-10-18T04:30:00Z,247,satin_S2,5,75000,72158,70105,67404,65381,505,500,24,9.2,1,0.6,2,1208,45,1,0.649,2,1204.8,45,0,0.049,0,-3.2,0
2025-10-18T04:35:00Z,241,matte_M1,4,56000,54767,53033,51191,49505,500,500,24,8.5,1,0.5,3,1200,42,1,0.435,3,1203.7,40,0,-0.065,0,3.7,-2
2025-10-18T04:40:00Z,244,polish_P1,7.5,55000,53269,52233,50716,49194,520,500,24,8.8,1,0.5,3,1205,40,1,0.57,3,1205.6,39,0,0.07,0,0.6,-1
2025-10-18T04:45:00Z,245,satin_S1,5.5,75000,72230,70662,68276,66227,490,500,24,8.7,1,0.55,3,1200,43,1,0.53,3,1199.8,47,0,-0.02,0,-0.2,4
2025-10-18T04:50:00Z,246,texture_T1,6,65000,62773,60252,58750,56987,510,500,24,9,2,0.6,4,1190,48,2,0.629,4,1189.6,39,0,0.029,0,-0.4,-9
2025-10-18T04:55:00Z,247,satin_S2,5,90000,86251,84439,80585,78167,505,500,24,9.2,1,0.6,2,1208,45,1,0.634,2,1207.3,45,0,0.034,0,-0.7,0
2025-10-18T05:00:00Z,241,matte_M1,4,70000,67570,65234,63802,59775,500,500,24,8.5,1,0.5,3,1200,42,1,0.496,3,1193.1,43,0,-0.004,0,-6.9,1
2025-10-18T05:05:00Z,244,polish_P1,7.5,75000,72796,69982,68121,66077,520,500,24,8.8,1,0.5,3,1205,40,1,0.509,3,1205.3,48,0,0.009,0,0.3,8
2025-10-18T05:10:00Z,245,satin_S1,5.5,55000,53009,51674,49993,48493,490,500,24,8.7,1,0.55,3,1200,43,1,0.529,4,1204.4,38,0,-0.021,1,4.4,-5
2025-10-18T05:15:00Z,246,texture_T1,6,75000,72360,70263,68302,66252,510,500,24,9,2,0.6,4,1190,48,2,0.678,4,1191.1,50,0,0.078,0,1.1,2
2025-10-18T05:20:00Z,247,satin_S2,5,55000,52380,50075,47964,46525,505,500,24,9.2,1,0.6,2,1208,45,1,0.657,2,1201.1,45,0,0.057,0,-6.9,0
2025-10-18T05:25:00Z,241,matte_M1,4,75000,73047,71275,69067,66604,500,500,24,8.5,1,0.5,3,1200,42,1,0.458,3,1197.7,45,0,-0.042,0,-2.3,3
2025-10-18T05:30:00Z,244,polish_P1,7.5,70000,67888,65675,63309,61409,520,500,24,8.8,1,0.5,3,1205,40,1,0.458,3,1201.3,39,0,-0.042,0,-3.7,-1
2025-10-18T05:35:00Z,245,satin_S1,5.5,65000,61802,60422,57547,55820,490,500,24,8.7,1,0.55,3,1200,43,1,0.658,3,1197,42,0,0.108,0,-3,-1
2025-10-18T05:40:00Z,246,texture_T1,6,80000,76989,74810,72532,70038,510,500,24,9,2,0.6,4,1190,48,2,0.555,4,1190.3,53,0,-0.045,0,0.3,5
2025-10-18T05:45:00Z,247,satin_S2,5,60000,57677,56558,54601,52962,505,500,24,9.2,1,0.6,2,1208,45,1,0.597,2,1210.5,53,0,-0.003,0,2.5,8
2025-10-18T05:50:00Z,241,matte_M1,4,75000,71893,68957,67511,65485,500,500,24,8.5,1,0.5,3,1200,42,1,0.395,3,1200.1,45,0,-0.105,0,0.1,3
2025-10-18T05:55:00Z,244,polish_P1,7.5,65000,63585,61790,59749,55837,520,500,24,8.8,1,0.5,3,1205,40,1,0.569,2,1204.5,43,0,0.069,-1,-0.5,3
2025-10-18T06:00:00Z,245,satin_S1,5.5,65000,63451,60575,58355,56604,490,500,24,8.7,1,0.55,3,1200,43,1,0.636,3,1200.6,39,0,0.086,0,0.6,-4
2025-10-18T06:05:00Z,246,texture_T1,6,56000,53313,51930,50821,48417,510,500,24,9,2,0.6,4,1190,48,2,0.646,4,1188.2,46,0,0.046,0,-1.8,-2
2025-10-18T06:10:00Z,247,satin_S2,5,55000,53067,51711,50006,47094,505,500,24,9.2,1,0.6,2,1208,45,1,0.54,2,1205.5,35,0,-0.06,0,-2.5,-10
2025-10-18T06:15:00Z,241,matte_M1,4,65000,61632,59038,56891,54804,500,500,24,8.5,1,0.5,3,1200,42,1,0.614,3,1202.1,39,0,0.114,0,2.1,-3
2025-10-18T06:20:00Z,244,polish_P1,7.5,70000,67517,66187,64770,62687,520,500,24,8.8,1,0.5,3,1205,40,1,0.531,3,1208.7,36,0,0.031,0,3.7,-4
2025-10-18T06:25:00Z,245,satin_S1,5.5,65000,63965,61867,59921,58123,490,500,24,8.7,1,0.55,3,1200,43,1,0.618,3,1200.5,39,0,0.068,0,0.5,-4
2025-10-18T06:30:00Z,246,texture_T1,6,80000,78011,75933,73358,71157,510,500,24,9,2,0.6,4,1190,48,2,0.611,4,1190.9,53,0,0.011,0,0.9,5
2025-10-18T06:35:00Z,247,satin_S2,5,90000,87197,86241,83905,80870,505,500,24,9.2,1,0.6,2,1208,45,1,0.657,2,1208.1,34,0,0.057,0,0.1,-11
2025-10-18T06:40:00Z,241,matte_M1,4,70000,68467,65562,63007,61116,500,500,24,8.5,1,0.5,3,1200,42,1,0.703,2,1201.7,44,0,0.203,-1,1.7,2
2025-10-18T06:45:00Z,244,polish_P1,7.5,70000,66939,64756,62513,60637,520,500,24,8.8,1,0.5,3,1205,40,1,0.526,3,1201.7,36,0,0.026,0,-3.3,-4
2025-10-18T06:50:00Z,245,satin_S1,5.5,65000,62003,60447,57876,56139,490,500,24,8.7,1,0.55,3,1200,43,1,0.524,3,1203,35,0,-0.026,0,3,-8
2025-10-18T06:55:00Z,246,texture_T1,6,60000,58181,56416,54228,52601,510,500,24,9,2,0.6,4,1190,48,2,0.597,4,1193.1,49,0,-0.003,0,3.1,1
2025-10-18T07:00:00Z,247,satin_S2,5,65000,61721,59958,58074,56331,505,500,24,9.2,1,0.6,2,1208,45,1,0.568,2,1207,46,0,-0.032,0,-1,1
2025-10-18T07:05:00Z,241,matte_M1,4,80000,77303,75734,73727,71031,500,500,24,8.5,1,0.5,3,1200,42,1,0.505,3,1199.9,46,0,0.005,0,-0.1,4
2025-10-18T07:10:00Z,244,polish_P1,7.5,80000,76742,74337,72463,70289,520,500,24,8.8,1,0.5,3,1205,40,1,0.576,3,1203.7,39,0,0.076,0,-1.3,-1
2025-10-18T07:15:00Z,245,satin_S1,5.5,90000,86715,82730,79589,77201,490,500,24,8.7,1,0.55,3,1200,43,1,0.56,3,1199,48,0,0.01,0,-1,5
2025-10-18T07:20:00Z,246,texture_T1,6,56000,54658,53271,51575,49883,510,500,24,9,2,0.6,4,1190,48,2,0.746,4,1193.7,44,0,0.146,0,3.7,-4
2025-10-18T07:25:00Z,247,satin_S2,5,60000,58222,55993,54631,52992,505,500,24,9.2,1,0.6,2,1208,45,1,0.681,2,1208.4,43,0,0.081,0,0.4,-2
2025-10-18T07:30:00Z,241,matte_M1,4,75000,72333,70556,67661,65631,500,500,24,8.5,1,0.5,3,1200,42,1,0.654,3,1205.3,40,0,0.154,0,5.3,-2
2025-10-18T07:35:00Z,244,polish_P1,7.5,60000,57558,54971,53117,51523,520,500,24,8.8,1,0.5,3,1205,40,1,0.684,3,1204.7,38,0,0.184,0,-0.3,-2
2025-10-18T07:40:00Z,245,satin_S1,5.5,65000,62646,61105,59382,57600,490,500,24,8.7,1,0.55,3,1200,43,1,0.576,3,1201.5,45,0,0.026,0,1.5,2
2025-10-18T07:45:00Z,246,texture_T1,6,56000,54579,52989,51379,49376,510,500,24,9,2,0.6,4,1190,48,2,0.692,4,1194.9,53,0,0.092,0,4.9,5
2025-10-18T07:50:00Z,247,satin_S2,5,56000,54707,53668,52484,49423,505,500,24,9.2,1,0.6,2,1208,45,1,0.689,2,1204.4,45,0,0.089,0,-3.6,0
2025-10-18T07:55:00Z,241,matte_M1,4,55000,53212,51714,50267,48758,500,500,24,8.5,1,0.5,3,1200,42,1,0.554,3,1195.8,37,0,0.054,0,-4.2,-5
2025-10-18T08:00:00Z,244,polish_P1,7.5,56000,54306,52581,50339,48828,520,500,24,8.8,1,0.5,3,1205,40,1,0.591,3,1205.3,50,0,0.091,0,0.3,10
2025-10-18T08:05:00Z,245,satin_S1,5.5,65000,62693,60789,58839,57073,490,500,24,8.7,1,0.55,3,1200,43,1,0.521,3,1200.5,39,0,-0.029,0,0.5,-4
2025-10-18T08:10:00Z,246,texture_T1,6,55000,52360,50376,49015,47544,510,500,24,9,2,0.6,4,1190,48,2,0.735,4,1187.5,34,0,0.135,0,-2.5,-14
2025-10-18T08:15:00Z,247,satin_S2,5,70000,67201,65275,63229,61332,505,500,24,9.2,1,0.6,2,1208,45,1,0.588,2,1210,37,0,-0.012,0,2,-8
2025-10-18T08:20:00Z,241,matte_M1,4,56000,54126,52168,50024,48523,500,500,24,8.5,1,0.5,3,1200,42,1,0.591,3,1198.5,38,0,0.091,0,-1.5,-4
2025-10-18T08:25:00Z,244,polish_P1,7.5,65000,62685,60523,58010,56269,520,500,24,8.8,1,0.5,3,1205,40,1,0.666,3,1208.5,40,0,0.166,0,3.5,0
2025-10-18T08:30:00Z,245,satin_S1,5.5,90000,88469,84924,83761,79745,490,500,24,8.7,1,0.55,3,1200,43,1,0.498,3,1203.2,39,0,-0.052,0,3.2,-4
2025-10-18T08:35:00Z,246,texture_T1,6,90000,86649,83541,80992,78562,510,500,24,9,2,0.6,4,1190,48,2,0.743,4,1194.4,44,0,0.143,0,4.4,-4
2025-10-18T08:40:00Z,247,satin_S2,5,55000,52657,51519,50223,48716,505,500,24,9.2,1,0.6,2,1208,45,1,0.681,2,1208.3,48,0,0.081,0,0.3,3
2025-10-18T08:45:00Z,241,matte_M1,4,55000,53407,52549,51248,47373,500,500,24,8.5,1,0.5,3,1200,42,1,0.633,3,1198.8,36,0,0.133,0,-1.2,-6
2025-10-18T08:50:00Z,244,polish_P1,7.5,60000,57821,56870,55117,53463,520,500,24,8.8,1,0.5,3,1205,40,1,0.521,3,1214.2,29,0,0.021,0,9.2,-11
2025-10-18T08:55:00Z,245,satin_S1,5.5,80000,77306,75833,73699,71361,490,500,24,8.7,1,0.55,3,1200,43,1,0.593,3,1200.4,57,0,0.043,0,0.4,14
2025-10-18T09:00:00Z,246,texture_T1,6,55000,53247,51494,49393,47911,510,500,24,9,2,0.6,4,1190,48,2,0.58,4,1193.5,54,0,-0.02,0,3.5,6
2025-10-18T09:05:00Z,247,satin_S2,5,75000,72268,70469,68726,66266,505,500,24,9.2,1,0.6,2,1208,45,1,0.632,2,1207.1,49,0,0.032,0,-0.9,4
2025-10-18T09:10:00Z,241,matte_M1,4,90000,85592,83051,80232,76609,500,500,24,8.5,1,0.5,3,1200,42,1,0.56,3,1200.6,51,0,0.06,0,0.6,9
2025-10-18T09:15:00Z,244,polish_P1,7.5,90000,87454,84666,81925,79467,520,500,24,8.8,1,0.5,3,1205,40,1,0.581,3,1205.8,34,0,0.081,0,0.8,-6
2025-10-18T09:20:00Z,245,satin_S1,5.5,75000,73745,70634,67737,65704,490,500,24,8.7,1,0.55,3,1200,43,1,0.732,3,1199.4,40,0,0.182,0,-0.6,-3
2025-10-18T09:25:00Z,246,texture_T1,6,65000,62372,59991,58347,56596,510,500,24,9,2,0.6,4,1190,48,2,0.494,4,1189.8,42,0,-0.106,0,-0.2,-6
2025-10-18T09:30:00Z,247,satin_S2,5,60000,58994,56351,54862,50704,505,500,24,9.2,1,0.6,2,1208,45,1,0.61,2,1205.8,41,0,0.01,0,-2.2,-4
2025-10-18T09:35:00Z,241,matte_M1,4,60000,57669,56037,53823,52208,500,500,24,8.5,1,0.5,3,1200,42,1,0.624,3,1200.7,46,0,0.124,0,0.7,4
2025-10-18T09:40:00Z,244,polish_P1,7.5,60000,57966,56127,55200,52377,520,500,24,8.8,1,0.5,3,1205,40,1,0.448,3,1204.1,44,0,-0.052,0,-0.9,4
2025-10-18T09:45:00Z,245,satin_S1,5.5,56000,54909,53453,51495,49950,490,500,24,8.7,1,0.55,3,1200,43,1,0.607,3,1196.6,51,0,0.057,0,-3.4,8
2025-10-18T09:50:00Z,246,texture_T1,6,60000,58235,56201,53948,52329,510,500,24,9,2,0.6,4,1190,48,2,0.58,4,1193.5,49,0,-0.02,0,3.5,1
2025-10-18T09:55:00Z,247,satin_S2,5,65000,61993,61112,59459,56422,505,500,24,9.2,1,0.6,2,1208,45,1,0.573,2,1212.4,45,0,-0.027,0,4.4,0
2025-10-18T10:00:00Z,241,matte_M1,4,60000,57601,55611,53361,51760,500,500,24,8.5,1,0.5,3,1200,42,2,0.596,3,1197.1,46,1,0.096,0,-2.9,4
2025-10-18T10:05:00Z,244,polish_P1,7.5,80000,77722,76620,72778,70594,520,500,24,8.8,1,0.5,3,1205,40,1,0.51,3,1203.9,34,0,0.01,0,-1.1,-6
2025-10-18T10:10:00Z,245,satin_S1,5.5,75000,71980,69429,65790,63816,490,500,24,8.7,1,0.55,3,1200,43,1,0.71,3,1203,52,0,0.16,0,3,9
2025-10-18T10:15:00Z,246,texture_T1,6,70000,67066,64777,64003,62082,510,500,24,9,2,0.6,4,1190,48,2,0.654,4,1189.7,38,0,0.054,0,-0.3,-10
2025-10-18T10:20:00Z,247,satin_S2,5,65000,62402,60576,58235,56487,505,500,24,9.2,1,0.6,2,1208,45,1,0.511,2,1210.6,45,0,-0.089,0,2.6,0
2025-10-18T10:25:00Z,241,matte_M1,4,65000,61752,58910,56803,55098,500,500,24,8.5,1,0.5,3,1200,42,1,0.467,3,1195.2,42,0,-0.033,0,-4.8,0
2025-10-18T10:30:00Z,244,polish_P1,7.5,56000,53773,51878,50607,49088,520,500,24,8.8,1,0.5,3,1205,40,1,0.662,3,1204.5,42,0,0.162,0,-0.5,2
2025-10-18T10:35:00Z,245,satin_S1,5.5,55000,53473,51598,49651,48161,490,500,24,8.7,1,0.55,3,1200,43,1,0.503,3,1200.1,35,0,-0.047,0,0.1,-8
2025-10-18T10:40:00Z,246,texture_T1,6,60000,58303,57227,55274,53615,510,500,24,9,2,0.6,4,1190,48,2,0.616,4,1185.5,52,0,0.016,0,-4.5,4
2025-10-18T10:45:00Z,247,satin_S2,5,75000,71368,69297,66578,64580,505,500,24,9.2,1,0.6,2,1208,45,1,0.703,2,1208,50,0,0.103,0,0,5
2025-10-18T10:50:00Z,241,matte_M1,4,75000,72212,69672,68044,66002,500,500,24,8.5,1,0.5,3,1200,42,1,0.62,3,1200.9,42,0,0.12,0,0.9,0
2025-10-18T10:55:00Z,244,polish_P1,7.5,75000,72505,70544,68344,66293,520,500,24,8.8,1,0.5,3,1205,40,1,0.603,3,1204.4,46,0,0.103,0,-0.6,6
2025-10-18T11:00:00Z,245,satin_S1,5.5,60000,57474,56435,54082,52250,490,500,24,8.7,1,0.55,3,1200,43,2,0.598,3,1198.1,37,1,0.048,0,-1.9,-6
2025-10-18T11:05:00Z,246,texture_T1,6,70000,67828,65626,63144,61249,510,500,24,9,2,0.6,4,1190,48,2,0.47,4,1191.1,46,0,-0.13,0,1.1,-2
2025-10-18T11:10:00Z,247,satin_S2,5,75000,72191,69452,67434,65410,505,500,24,9.2,1,0.6,2,1208,45,1,0.5,2,1207.3,44,0,-0.1,0,-0.7,-1
2025-10-18T11:15:00Z,241,matte_M1,4,90000,86753,82535,79402,77019,500,500,24,8.5,1,0.5,3,1200,42,1,0.506,3,1200,39,0,0.006,0,0,-3
2025-10-18T11:20:00Z,244,polish_P1,7.5,60000,58039,55960,54366,52121,520,500,24,8.8,1,0.5,3,1205,40,1,0.539,3,1199.9,32,0,0.039,0,-5.1,-8
2025-10-18T11:25:00Z,245,satin_S1,5.5,90000,88119,84496,82663,80183,490,500,24,8.7,1,0.55,3,1200,43,1,0.702,3,1200.1,40,0,0.152,0,0.1,-3
2025-10-18T11:30:00Z,246,texture_T1,6,60000,57301,55455,53401,51798,510,500,24,9,2,0.6,4,1190,48,2,0.7,4,1187.7,48,0,0.1,0,-2.3,0
2025-10-18T11:35:00Z,247,satin_S2,5,90000,86623,83647,81183,78747,505,500,24,9.2,1,0.6,2,1208,45,1,0.63,2,1207,44,0,0.03,0,-1,-1
2025-10-18T11:40:00Z,241,matte_M1,4,55000,52902,51295,49477,47992,500,500,24,8.5,1,0.5,3,1200,42,1,0.553,3,1202.8,44,0,0.053,0,2.8,2
2025-10-18T11:45:00Z,244,polish_P1,7.5,75000,73198,70932,69019,66425,520,500,24,8.8,1,0.5,3,1205,40,1,0.559,3,1206.4,39,0,0.059,0,1.4,-1
2025-10-18T11:50:00Z,245,satin_S1,5.5,70000,67871,66211,64610,62671,490,500,24,8.7,1,0.55,3,1200,43,1,0.667,3,1199.6,41,0,0.117,0,-0.4,-2
2025-10-18T11:55:00Z,246,texture_T1,6,56000,54083,52783,51738,49996,510,500,24,9,2,0.6,4,1190,48,2,0.691,3,1187.5,43,0,0.091,-1,-2.5,-5
2025-10-18T12:00:00Z,247,satin_S2,5,80000,77422,74277,72037,69875,505,500,24,9.2,1,0.6,2,1208,45,1,0.638,2,1206.9,50,0,0.038,0,-1.1,5
2025-10-18T12:05:00Z,241,matte_M1,4,55000,52260,50704,49315,47835,500,500,24,8.5,1,0.5,3,1200,42,1,0.526,3,1205,43,0,0.026,0,5,1
2025-10-18T12:10:00Z,244,polish_P1,7.5,60000,57493,55087,53259,51661,520,500,24,8.8,1,0.5,3,1205,40,1,0.524,3,1201.7,45,0,0.024,0,-3.3,5
2025-10-18T12:15:00Z,245,satin_S1,5.5,80000,78464,75501,72474,69559,490,500,24,8.7,1,0.55,3,1200,43,1,0.581,3,1204.3,42,0,0.031,0,4.3,-1
2025-10-18T12:20:00Z,246,texture_T1,6,65000,63536,61745,60066,58264,510,500,24,9,2,0.6,4,1190,48,2,0.614,4,1190.2,46,0,0.014,0,0.2,-2
2025-10-18T12:25:00Z,247,satin_S2,5,60000,57767,56214,54336,52705,505,500,24,9.2,1,0.6,2,1208,45,1,0.632,2,1203.7,51,0,0.032,0,-4.3,6
2025-10-18T12:30:00Z,241,matte_M1,4,56000,53582,51880,51005,49474,500,500,24,8.5,1,0.5,3,1200,42,1,0.561,3,1205.5,49,0,0.061,0,5.5,7
2025-10-18T12:35:00Z,244,polish_P1,7.5,65000,63752,61279,59952,57802,520,500,24,8.8,1,0.5,3,1205,40,1,0.612,3,1204.2,38,0,0.112,0,-0.8,-2
2025-10-18T12:40:00Z,245,satin_S1,5.5,60000,58449,57864,56066,53282,490,500,24,8.7,1,0.55,3,1200,43,1,0.616,3,1199.5,40,0,0.066,0,-0.5,-3
2025-10-18T12:45:00Z,246,texture_T1,6,56000,53705,51725,50173,48667,510,500,24,9,2,0.6,4,1190,48,2,0.609,4,1187.7,46,0,0.009,0,-2.3,-2
2025-10-18T12:50:00Z,247,satin_S2,5,90000,88114,86689,83945,81426,505,500,24,9.2,1,0.6,2,1208,45,1,0.647,2,1208.8,45,0,0.047,0,0.8,0
2025-10-18T12:55:00Z,241,matte_M1,4,55000,52941,51414,50017,48516,500,500,24,8.5,1,0.5,3,1200,42,1,0.586,3,1201.1,43,0,0.086,0,1.1,1
2025-10-18T13:00:00Z,244,polish_P1,7.5,90000,86476,83479,80055,77653,520,500,24,8.8,1,0.5,3,1205,40,1,0.65,3,1201.9,47,0,0.15,0,-3.1,7
2025-10-18T13:05:00Z,245,satin_S1,5.5,60000,58451,56671,55605,53489,490,500,24,8.7,1,0.55,3,1200,43,2,0.514,3,1197.3,44,1,-0.036,0,-2.7,1
2025-10-18T13:10:00Z,246,texture_T1,6,56000,54484,52991,51252,47870,510,500,24,9,2,0.6,4,1190,48,2,0.677,4,1186,43,0,0.077,0,-4,-5
2025-10-18T13:15:00Z,247,satin_S2,5,75000,72611,70055,68068,66025,505,500,24,9.2,1,0.6,2,1208,45,1,0.605,2,1206.4,44,0,0.005,0,-1.6,-1
2025-10-18T13:20:00Z,241,matte_M1,4,60000,58284,56243,54064,52442,500,500,24,8.5,1,0.5,3,1200,42,1,0.624,3,1200.8,45,0,0.124,0,0.8,3
2025-10-18T13:25:00Z,244,polish_P1,7.5,65000,62847,60501,58498,55893,520,500,24,8.8,1,0.5,3,1205,40,1,0.538,3,1200.8,38,0,0.038,0,-4.2,-2
2025-10-18T13:30:00Z,245,satin_S1,5.5,65000,62298,60381,58375,56623,490,500,24,8.7,1,0.55,3,1200,43,1,0.56,3,1204.1,46,0,0.01,0,4.1,3
2025-10-18T13:35:00Z,246,texture_T1,6,56000,53626,52742,50908,48901,510,500,24,9,2,0.6,4,1190,48,2,0.532,4,1193,53,0,-0.068,0,3,5
2025-10-18T13:40:00Z,247,satin_S2,5,60000,58036,56103,53929,52311,505,500,24,9.2,1,0.6,2,1208,45,1,0.622,2,1210.4,45,0,0.022,0,2.4,0
2025-10-18T13:45:00Z,241,matte_M1,4,70000,68040,66700,64462,59093,500,500,24,8.5,1,0.5,3,1200,42,1,0.501,3,1197,40,0,0.001,0,-3,-2
2025-10-18T13:50:00Z,244,polish_P1,7.5,55000,53598,51707,50964,49435,520,500,24,8.8,1,0.5,3,1205,40,1,0.563,3,1206.9,30,0,0.063,0,1.9,-10
2025-10-18T13:55:00Z,245,satin_S1,5.5,55000,53006,51706,50138,47189,490,500,24,8.7,1,0.55,3,1200,43,1,0.589,3,1205.9,42,0,0.039,0,5.9,-1
2025-10-18T14:00:00Z,246,texture_T1,6,60000,57194,54671,52724,51142,510,500,24,9,2,0.6,4,1190,48,2,0.657,4,1187.9,41,0,0.057,0,-2.1,-7
2025-10-18T14:05:00Z,247,satin_S2,5,70000,68191,66685,63863,60547,505,500,24,9.2,1,0.6,2,1208,45,1,0.594,2,1209.2,55,0,-0.006,0,1.2,10
2025-10-18T14:10:00Z,241,matte_M1,4,80000,75803,73660,70387,68275,500,500,24,8.5,1,0.5,3,1200,42,1,0.585,3,1200.4,36,0,0.085,0,0.4,-6
2025-10-18T14:15:00Z,244,polish_P1,7.5,56000,54255,53712,51984,50424,520,500,24,8.8,1,0.5,3,1205,40,1,0.511,3,1209.2,40,0,0.011,0,4.2,0
2025-10-18T14:20:00Z,245,satin_S1,5.5,75000,71949,68924,68388,65102,490,500,24,8.7,1,0.55,3,1200,43,1,0.579,3,1196.4,41,0,0.029,0,-3.6,-2
2025-10-18T14:25:00Z,246,texture_T1,6,75000,73547,71299,68893,65951,510,500,24,9,2,0.6,4,1190,48,2,0.639,4,1194.4,51,0,0.039,0,4.4,3
2025-10-18T14:30:00Z,247,satin_S2,5,60000,57594,55341,53276,51677,505,500,24,9.2,1,0.6,2,1208,45,1,0.658,2,1208.2,53,0,0.058,0,0.2,8
2025-10-18T14:35:00Z,241,matte_M1,4,70000,67446,65179,63027,61136,500,500,24,8.5,1,0.5,3,1200,42,1,0.511,3,1200.3,48,0,0.011,0,0.3,6
2025-10-18T14:40:00Z,244,polish_P1,7.5,56000,53763,51482,49717,48225,520,500,24,8.8,1,0.5,3,1205,40,2,0.451,3,1205.9,44,1,-0.049,0,0.9,4
2025-10-18T14:45:00Z,245,satin_S1,5.5,56000,53607,51840,50252,48744,490,500,24,8.7,1,0.55,3,1200,43,1,0.576,3,1198.3,36,0,0.026,0,-1.7,-7
2025-10-18T14:50:00Z,246,texture_T1,6,60000,57294,54992,53284,51685,510,500,24,9,2,0.6,4,1190,48,2,0.616,4,1184.9,49,0,0.016,0,-5.1,1
2025-10-18T14:55:00Z,247,satin_S2,5,75000,72163,70206,69003,66932,505,500,24,9.2,1,0.6,2,1208,45,1,0.564,2,1204.4,50,0,-0.036,0,-3.6,5
2025-10-18T15:00:00Z,241,matte_M1,4,80000,76760,74579,73013,70822,500,500,24,8.5,1,0.5,3,1200,42,1,0.389,3,1202.8,38,0,-0.111,0,2.8,-4
2025-10-18T15:05:00Z,244,polish_P1,7.5,55000,53519,52049,50391,47918,520,500,24,8.8,1,0.5,3,1205,40,1,0.56,3,1208.9,36,0,0.06,0,3.9,-4
2025-10-18T15:10:00Z,245,satin_S1,5.5,70000,66858,63946,61648,59798,490,500,24,8.7,1,0.55,3,1200,43,1,0.621,3,1206.4,45,0,0.071,0,6.4,2
2025-10-18T15:15:00Z,246,texture_T1,6,65000,62399,60717,58924,57156,510,500,24,9,2,0.6,4,1190,48,2,0.582,4,1193.1,43,0,-0.018,0,3.1,-5
2025-10-18T15:20:00Z,247,satin_S2,5,80000,75890,72627,70850,68724,505,500,24,9.2,1,0.6,2,1208,45,1,0.582,2,1210.8,41,0,-0.018,0,2.8,-4
2025-10-18T15:25:00Z,241,matte_M1,4,80000,77170,75375,73027,70836,500,500,24,8.5,1,0.5,3,1200,42,1,0.619,3,1201.6,50,0,0.119,0,1.6,8
2025-10-18T15:30:00Z,244,polish_P1,7.5,70000,66959,65234,62327,60457,520,500,24,8.8,1,0.5,3,1205,40,1,0.54,3,1209.1,38,0,0.04,0,4.1,-2
2025-10-18T15:35:00Z,245,satin_S1,5.5,70000,67515,65290,62198,60332,490,500,24,8.7,1,0.55,3,1200,43,1,0.674,3,1195.9,49,0,0.124,0,-4.1,6
2025-10-18T15:40:00Z,246,texture_T1,6,56000,54400,52781,49933,48435,510,500,24,9,2,0.6,4,1190,48,2,0.596,4,1191.3,45,0,-0.004,0,1.3,-3
2025-10-18T15:45:00Z,247,satin_S2,5,65000,63481,60208,58195,56449,505,500,24,9.2,1,0.6,2,1208,45,1,0.706,2,1212,46,0,0.106,0,4,1
2025-10-18T15:50:00Z,241,matte_M1,4,80000,77510,75273,72707,70176,500,500,24,8.5,1,0.5,3,1200,42,1,0.605,3,1200.1,44,0,0.105,0,0.1,2
2025-10-18T15:55:00Z,244,polish_P1,7.5,65000,61048,58511,56567,54869,520,500,24,8.8,1,0.5,3,1205,40,1,0.512,3,1204.5,35,0,0.012,0,-0.5,-5
2025-10-18T16:00:00Z,245,satin_S1,5.5,55000,54336,52648,50729,46815,490,500,24,8.7,1,0.55,3,1200,43,1,0.464,3,1194.2,49,0,-0.086,0,-5.8,6
2025-10-18T16:05:00Z,246,texture_T1,6,65000,62688,60885,58835,57069,510,500,24,9,2,0.6,4,1190,48,2,0.643,4,1189.6,46,0,0.043,0,-0.4,-2
2025-10-18T16:10:00Z,247,satin_S2,5,75000,71414,67910,64709,62767,505,500,24,9.2,1,0.6,2,1208,45,1,0.646,2,1203.5,53,0,0.046,0,-4.5,8
2025-10-18T16:15:00Z,241,matte_M1,4,56000,54895,53654,52497,50922,500,500,24,8.5,1,0.5,3,1200,42,1,0.475,3,1200.5,43,0,-0.025,0,0.5,1
2025-10-18T16:20:00Z,244,polish_P1,7.5,65000,61985,60499,58311,56561,520,500,24,8.8,1,0.5,3,1205,40,1,0.52,3,1199.1,37,0,0.02,0,-5.9,-3
2025-10-18T16:25:00Z,245,satin_S1,5.5,90000,85611,82996,80031,77630,490,500,24,8.7,1,0.55,3,1200,43,1,0.738,3,1196,41,0,0.188,0,-4,-2
2025-10-18T16:30:00Z,246,texture_T1,6,90000,86374,82571,80312,77902,510,500,24,9,2,0.6,4,1190,48,2,0.669,4,1187.5,49,0,0.069,0,-2.5,1
2025-10-18T16:35:00Z,247,satin_S2,5,56000,54511,52505,51545,49118,505,500,24,9.2,1,0.6,2,1208,45,1,0.635,2,1210.3,41,0,0.035,0,2.3,-4
2025-10-18T16:40:00Z,241,matte_M1,4,80000,78660,76874,73391,71189,500,500,24,8.5,1,0.5,3,1200,42,1,0.692,3,1199.7,45,0,0.192,0,-0.3,3
2025-10-18T16:45:00Z,244,polish_P1,7.5,90000,87029,83459,81074,78641,520,500,24,8.8,1,0.5,3,1205,40,1,0.654,3,1202.1,39,0,0.154,0,-2.9,-1
2025-10-18T16:50:00Z,245,satin_S1,5.5,56000,54488,52375,50995,49465,490,500,24,8.7,1,0.55,3,1200,43,1,0.573,3,1196.8,49,0,0.023,0,-3.2,6
2025-10-18T16:55:00Z,246,texture_T1,6,55000,53129,50482,48898,47431,510,500,24,9,2,0.6,4,1190,48,2,0.583,4,1192.1,57,0,-0.017,0,2.1,9
2025-10-18T17:00:00Z,247,satin_S2,5,90000,86999,84924,81911,79453,505,500,24,9.2,1,0.6,2,1208,45,1,0.754,2,1202.6,48,0,0.154,0,-5.4,3
2025-10-18T17:05:00Z,241,matte_M1,4,75000,72305,69766,66949,64940,500,500,24,8.5,1,0.5,3,1200,42,1,0.568,3,1205.3,43,0,0.068,0,5.3,1
2025-10-18T17:10:00Z,244,polish_P1,7.5,56000,54008,53414,51471,49841,520,500,24,8.8,1,0.5,3,1205,40,1,0.744,3,1207.6,38,0,0.244,0,2.6,-2
2025-10-18T17:15:00Z,245,satin_S1,5.5,70000,68008,65992,64362,62431,490,500,24,8.7,1,0.55,3,1200,43,1,0.619,3,1197.6,51,0,0.069,0,-2.4,8
2025-10-18T17:20:00Z,246,texture_T1,6,55000,52055,50774,49543,47888,510,500,24,9,2,0.6,4,1190,48,2,0.517,4,1188.3,48,0,-0.083,0,-1.7,0
2025-10-18T17:25:00Z,247,satin_S2,5,56000,54025,52306,50410,48897,505,500,24,9.2,1,0.6,2,1208,45,1,0.483,2,1204.4,47,0,-0.117,0,-3.6,2
2025-10-18T17:30:00Z,241,matte_M1,4,55000,53947,53097,50801,48541,500,500,24,8.5,1,0.5,3,1200,42,1,0.528,3,1200.4,35,0,0.028,0,0.4,-7
2025-10-18T17:35:00Z,244,polish_P1,7.5,80000,77552,76776,73607,71398,520,500,24,8.8,1,0.5,3,1205,40,1,0.529,3,1205.7,38,0,0.029,0,0.7,-2
2025-10-18T17:40:00Z,245,satin_S1,5.5,80000,76808,74373,72258,70090,490,500,24,8.7,1,0.55,3,1200,43,1,0.529,3,1202,37,0,-0.021,0,2,-6
2025-10-18T17:45:00Z,246,texture_T1,6,65000,63232,61053,58729,56967,510,500,24,9,2,0.6,4,1190,48,2,0.629,4,1190.6,53,0,0.029,0,0.6,5
2025-10-18T17:50:00Z,247,satin_S2,5,80000,76630,73497,71582,69434,505,500,24,9.2,1,0.6,2,1208,45,1,0.606,2,1203.7,50,0,0.006,0,-4.3,5
2025-10-18T17:55:00Z,241,matte_M1,4,56000,53474,51948,50276,48767,500,500,24,8.5,1,0.5,3,1200,42,1,0.585,3,1200,43,0,0.085,0,0,1
2025-10-18T18:00:00Z,244,polish_P1,7.5,90000,86330,83858,82427,79048,520,500,24,8.8,1,0.5,3,1205,40,1,0.569,4,1209.3,40,0,0.069,1,4.3,0
2025-10-18T18:05:00Z,245,satin_S1,5.5,70000,67681,65872,63651,61741,490,500,24,8.7,1,0.55,3,1200,43,1,0.666,3,1197.9,44,0,0.116,0,-2.1,1
2025-10-18T18:10:00Z,246,texture_T1,6,80000,77585,74574,71964,69805,510,500,24,9,2,0.6,4,1190,48,2,0.76,4,1187.4,49,0,0.16,0,-2.6,1
2025-10-18T18:15:00Z,247,satin_S2,5,75000,72066,69959,67986,65946,505,500,24,9.2,1,0.6,2,1208,45,1,0.661,2,1214.7,41,0,0.061,0,6.7,-4
2025-10-18T18:20:00Z,241,matte_M1,4,60000,58343,56561,55212,53555,500,500,24,8.5,1,0.5,3,1200,42,1,0.592,3,1202.4,40,0,0.092,0,2.4,-2
2025-10-18T18:25:00Z,244,polish_P1,7.5,90000,86790,84529,82248,79780,520,500,24,8.8,1,0.5,3,1205,40,1,0.49,3,1204,35,0,-0.01,0,-1,-5
2025-10-18T18:30:00Z,245,satin_S1,5.5,65000,64145,61681,60755,57214,490,500,24,8.7,1,0.55,3,1200,43,1,0.568,3,1194.9,40,0,0.018,0,-5.1,-3
2025-10-18T18:35:00Z,246,texture_T1,6,55000,52870,51498,49225,47748,510,500,24,9,2,0.6,4,1190,48,2,0.581,4,1191,48,0,-0.019,0,1,0
2025-10-18T18:40:00Z,247,satin_S2,5,75000,72117,69838,66860,64854,505,500,24,9.2,1,0.6,2,1208,45,1,0.759,2,1206.7,45,0,0.159,0,-1.3,0
2025-10-18T18:45:00Z,241,matte_M1,4,56000,54185,52575,51502,49703,500,500,24,8.5,1,0.5,3,1200,42,1,0.488,4,1196.9,40,0,-0.012,1,-3.1,-2
2025-10-18T18:50:00Z,244,polish_P1,7.5,56000,54631,53727,51865,50309,520,500,24,8.8,1,0.5,3,1205,40,1,0.604,3,1207.1,43,0,0.104,0,2.1,3
2025-10-18T18:55:00Z,245,satin_S1,5.5,55000,53185,51654,50609,49090,490,500,24,8.7,1,0.55,3,1200,43,1,0.641,3,1202.3,39,0,0.091,0,2.3,-4
2025-10-18T19:00:00Z,246,texture_T1,6,55000,53040,51588,49400,47918,510,500,24,9,2,0.6,4,1190,48,2,0.655,4,1193.6,52,0,0.055,0,3.6,4
2025-10-18T19:05:00Z,247,satin_S2,5,90000,86827,82998,80960,78531,505,500,24,9.2,1,0.6,2,1208,45,1,0.613,2,1207.8,40,0,0.013,0,-0.2,-5
2025-10-18T19:10:00Z,241,matte_M1,4,90000,87689,84519,81826,79371,500,500,24,8.5,1,0.5,3,1200,42,1,0.752,3,1199.7,41,0,0.252,0,-0.3,-1
2025-10-18T19:15:00Z,244,polish_P1,7.5,56000,54601,53766,51870,50313,520,500,24,8.8,1,0.5,3,1205,40,1,0.549,3,1199.2,43,0,0.049,0,-5.8,3
2025-10-18T19:20:00Z,245,satin_S1,5.5,60000,58064,56310,54137,52512,490,500,24,8.7,1,0.55,3,1200,43,1,0.559,3,1197.8,46,0,0.009,0,-2.2,3
2025-10-18T19:25:00Z,246,texture_T1,6,80000,78415,76430,74888,72641,510,500,24,9,2,0.6,4,1190,48,2,0.467,4,1191.4,44,0,-0.133,0,1.4,-4
2025-10-18T19:30:00Z,247,satin_S2,5,65000,62529,61419,58221,56474,505,500,24,9.2,1,0.6,2,1208,45,1,0.535,2,1209.8,42,0,-0.065,0,1.8,-3
2025-10-18T19:35:00Z,241,matte_M1,4,90000,85496,82458,79611,77222,500,500,24,8.5,1,0.5,3,1200,42,1,0.571,3,1198.2,50,0,0.071,0,-1.8,8
2025-10-18T19:40:00Z,244,polish_P1,7.5,60000,57568,55855,54733,53091,520,500,24,8.8,1,0.5,3,1205,40,1,0.591,3,1212.5,36,0,0.091,0,7.5,-4
2025-10-18T19:45:00Z,245,satin_S1,5.5,75000,73727,72014,69596,66872,490,500,24,8.7,1,0.55,3,1200,43,1,0.531,3,1199.1,43,0,-0.019,0,-0.9,0
2025-10-18T19:50:00Z,246,texture_T1,6,70000,67514,66186,63822,61907,510,500,24,9,2,0.6,4,1190,48,2,0.583,4,1193.9,46,0,-0.017,0,3.9,-2
2025-10-18T19:55:00Z,247,satin_S2,5,56000,54405,53335,51443,49694,505,500,24,9.2,1,0.6,2,1208,45,1,0.697,2,1206.6,51,0,0.097,0,-1.4,6
2025-10-18T20:00:00Z,241,matte_M1,4,80000,77896,75866,72013,69852,500,500,24,8.5,1,0.5,3,1200,42,1,0.626,3,1200.7,43,0,0.126,0,0.7,1
2025-10-18T20:05:00Z,244,polish_P1,7.5,80000,77778,75829,73492,68529,520,500,24,8.8,1,0.5,3,1205,40,1,0.658,3,1202.4,34,0,0.158,0,-2.6,-6
2025-10-18T20:10:00Z,245,satin_S1,5.5,65000,62755,60327,58178,56432,490,500,24,8.7,1,0.55,3,1200,43,1,0.368,3,1203.4,46,0,-0.182,0,3.4,3
2025-10-18T20:15:00Z,246,texture_T1,6,80000,78201,74900,72807,70622,510,500,24,9,2,0.6,4,1190,48,3,0.73,4,1197.6,49,1,0.13,0,7.6,1
2025-10-18T20:20:00Z,247,satin_S2,5,55000,51997,50495,48341,46890,505,500,24,9.2,1,0.6,2,1208,45,1,0.537,2,1207.2,46,0,-0.063,0,-0.8,1
2025-10-18T20:25:00Z,241,matte_M1,4,90000,87872,86333,84565,78483,500,500,24,8.5,1,0.5,3,1200,42,1,0.575,3,1202.9,43,0,0.075,0,2.9,1
2025-10-18T20:30:00Z,244,polish_P1,7.5,65000,63428,62498,60689,58868,520,500,24,8.8,1,0.5,3,1205,40,1,0.628,3,1206.1,33,0,0.128,0,1.1,-7
2025-10-18T20:35:00Z,245,satin_S1,5.5,56000,54369,53233,52119,50555,490,500,24,8.7,1,0.55,3,1200,43,1,0.628,3,1197.2,53,0,0.078,0,-2.8,10
2025-10-18T20:40:00Z,246,texture_T1,6,60000,57783,55639,52940,51351,510,500,24,9,2,0.6,4,1190,48,2,0.679,4,1195,56,0,0.079,0,5,8
2025-10-18T20:45:00Z,247,satin_S2,5,75000,72267,70165,68867,65647,505,500,24,9.2,1,0.6,2,1208,45,1,0.581,2,1208.8,44,0,-0.019,0,0.8,-1
2025-10-18T20:50:00Z,241,matte_M1,4,55000,52946,51743,50239,48731,500,500,24,8.5,1,0.5,3,1200,42,1,0.555,3,1198.2,49,0,0.055,0,-1.8,7
2025-10-18T20:55:00Z,244,polish_P1,7.5,55000,53031,51973,50221,48452,520,500,24,8.8,1,0.5,3,1205,40,1,0.507,3,1204.5,37,0,0.007,0,-0.5,-3
2025-10-18T21:00:00Z,245,satin_S1,5.5,80000,76850,74518,72862,70676,490,500,24,8.7,1,0.55,3,1200,43,1,0.543,3,1202.3,44,0,-0.007,0,2.3,1
2025-10-18T21:05:00Z,246,texture_T1,6,80000,76676,75009,73417,69300,510,500,24,9,2,0.6,4,1190,48,2,0.601,4,1187.9,45,0,0.001,0,-2.1,-3
2025-10-18T21:10:00Z,247,satin_S2,5,80000,76941,74079,71599,69451,505,500,24,9.2,1,0.6,2,1208,45,1,0.646,2,1205.4,46,0,0.046,0,-2.6,1
2025-10-18T21:15:00Z,241,matte_M1,4,65000,62079,59880,57794,56060,500,500,24,8.5,1,0.5,3,1200,42,1,0.493,3,1200.9,50,0,-0.007,0,0.9,8
2025-10-18T21:20:00Z,244,polish_P1,7.5,80000,77392,76165,72418,70245,520,500,24,8.8,1,0.5,3,1205,40,1,0.452,3,1206.1,49,0,-0.048,0,1.1,9
2025-10-18T21:25:00Z,245,satin_S1,5.5,60000,58043,56944,55577,53059,490,500,24,8.7,1,0.55,3,1200,43,1,0.497,3,1201.5,45,0,-0.053,0,1.5,2
2025-10-18T21:30:00Z,246,texture_T1,6,90000,86934,85330,82666,80186,510,500,24,9,2,0.6,4,1190,48,2,0.604,4,1192.1,39,0,0.004,0,2.1,-9
2025-10-18T21:35:00Z,247,satin_S2,5,56000,54389,53204,50847,49321,505,500,24,9.2,1,0.6,2,1208,45,1,0.663,2,1207.7,38,0,0.063,0,-0.3,-7
2025-10-18T21:40:00Z,241,matte_M1,4,70000,68078,65492,63691,61780,500,500,24,8.5,1,0.5,3,1200,42,1,0.52,3,1200.5,40,0,0.02,0,0.5,-2
2025-10-18T21:45:00Z,244,polish_P1,7.5,90000,86355,83553,80266,77858,520,500,24,8.8,1,0.5,3,1205,40,1,0.529,3,1205.9,45,0,0.029,0,0.9,5
2025-10-18T21:50:00Z,245,satin_S1,5.5,55000,53258,51572,49790,48296,490,500,24,8.7,1,0.55,3,1200,43,1,0.54,3,1200.4,38,0,-0.01,0,0.4,-5
2025-10-18T21:55:00Z,246,texture_T1,6,60000,58503,56682,54788,53144,510,500,24,9,2,0.6,4,1190,48,2,0.71,4,1187.9,49,0,0.11,0,-2.1,1
2025-10-18T22:00:00Z,247,satin_S2,5,56000,54339,52780,50992,48953,505,500,24,9.2,1,0.6,2,1208,45,1,0.785,2,1208.1,48,0,0.185,0,0.1,3
2025-10-18T22:05:00Z,241,matte_M1,4,65000,63345,61590,59662,57872,500,500,24,8.5,1,0.5,3,1200,42,1,0.577,3,1203.5,41,0,0.077,0,3.5,-1
2025-10-18T22:10:00Z,244,polish_P1,7.5,60000,57944,56093,54125,52501,520,500,24,8.8,1,0.5,3,1205,40,1,0.521,3,1205.1,48,0,0.021,0,0.1,8
2025-10-18T22:15:00Z,245,satin_S1,5.5,65000,62691,61166,59020,57249,490,500,24,8.7,1,0.55,3,1200,43,1,0.665,3,1195.4,35,0,0.115,0,-4.6,-8
2025-10-18T22:20:00Z,246,texture_T1,6,80000,76113,73360,70377,68265,510,500,24,9,2,0.6,4,1190,48,2,0.63,4,1188.3,44,0,0.03,0,-1.7,-4
2025-10-18T22:25:00Z,247,satin_S2,5,70000,68096,66319,63853,61937,505,500,24,9.2,1,0.6,2,1208,45,1,0.583,2,1211.4,47,0,-0.017,0,3.4,2
2025-10-18T22:30:00Z,241,matte_M1,4,90000,88907,86622,84656,82068,500,500,24,8.5,1,0.5,3,1200,42,1,0.638,3,1199.9,44,0,0.138,0,-0.1,2
2025-10-18T22:35:00Z,244,polish_P1,7.5,55000,53004,51112,48769,47305,520,500,24,8.8,1,0.5,3,1205,40,1,0.559,3,1201.7,51,0,0.059,0,-3.3,11
2025-10-18T22:40:00Z,245,satin_S1,5.5,75000,73026,70882,69390,67308,490,500,24,8.7,1,0.55,3,1200,43,1,0.549,3,1206.2,37,0,-0.001,0,6.2,-6
2025-10-18T22:45:00Z,246,texture_T1,6,75000,72340,69778,67159,65144,510,500,24,9,2,0.6,4,1190,48,2,0.566,4,1187.2,50,0,-0.034,0,-2.8,2
2025-10-18T22:50:00Z,247,satin_S2,5,60000,57474,56349,54770,50830,505,500,24,9.2,1,0.6,2,1208,45,1,0.615,2,1210.1,39,0,0.015,0,2.1,-6
2025-10-18T22:55:00Z,241,matte_M1,4,90000,86969,85291,83011,79932,500,500,24,8.5,1,0.5,3,1200,42,1,0.523,3,1199.4,44,0,0.023,0,-0.6,2
2025-10-18T23:00:00Z,244,polish_P1,7.5,75000,72908,71149,69398,67316,520,500,24,8.8,1,0.5,3,1205,40,1,0.63,3,1209.6,48,0,0.13,0,4.6,8
2025-10-18T23:05:00Z,245,satin_S1,5.5,90000,87455,85534,82847,80361,490,500,24,8.7,1,0.55,3,1200,43,1,0.451,3,1196.1,41,0,-0.099,0,-3.9,-2
2025-10-18T23:10:00Z,246,texture_T1,6,55000,53441,51723,49687,48196,510,500,24,9,2,0.6,4,1190,48,2,0.604,4,1192.6,49,0,0.004,0,2.6,1
2025-10-18T23:15:00Z,247,satin_S2,5,75000,72074,69121,67048,65036,505,500,24,9.2,1,0.6,2,1208,45,1,0.614,2,1208.1,35,0,0.014,0,0.1,-10
2025-10-18T23:20:00Z,241,matte_M1,4,65000,62878,61087,59495,57710,500,500,24,8.5,1,0.5,3,1200,42,1,0.433,3,1203.2,36,0,-0.067,0,3.2,-6
2025-10-18T23:25:00Z,244,polish_P1,7.5,90000,86626,83828,80454,78040,520,500,24,8.8,1,0.5,3,1205,40,1,0.568,3,1206.9,34,0,0.068,0,1.9,-6
2025-10-18T23:30:00Z,245,satin_S1,5.5,75000,74093,72037,69997,66876,490,500,24,8.7,1,0.55,3,1200,43,1,0.551,3,1202.1,40,0,0.001,0,2.1,-3
2025-10-18T23:35:00Z,246,texture_T1,6,80000,78138,75525,71531,69385,510,500,24,9,2,0.6,4,1190,48,2,0.728,4,1191.9,45,0,0.128,0,1.9,-3
2025-10-18T23:40:00Z,247,satin_S2,5,90000,87327,84570,82811,80326,505,500,24,9.2,1,0.6,2,1208,45,1,0.676,2,1207.8,46,0,0.076,0,-0.2,1
2025-10-18T23:45:00Z,241,matte_M1,4,70000,67593,66183,65214,63257,500,500,24,8.5,1,0.5,3,1200,42,1,0.467,3,1200.1,39,0,-0.033,0,0.1,-3
2025-10-18T23:50:00Z,244,polish_P1,7.5,65000,62256,60967,58899,56860,520,500,24,8.8,1,0.5,3,1205,40,1,0.555,3,1204.5,38,0,0.055,0,-0.5,-2
2025-10-18T23:55:00Z,245,satin_S1,5.5,60000,57720,56048,54514,52878,490,500,24,8.7,1,0.55,3,1200,43,1,0.524,3,1201.3,46,0,-0.026,0,1.3,3
2025-10-19T00:00:00Z,246,texture_T1,6,80000,76571,75175,72838,70652,510,500,24,9,2,0.6,4,1190,48,2,0.502,4,1187.4,52,0,-0.098,0,-2.6,4
2025-10-19T00:05:00Z,247,satin_S2,5,60000,57580,55735,53229,51632,505,500,24,9.2,1,0.6,2,1208,45,1,0.656,2,1203.3,50,0,0.056,0,-4.7,5
2025-10-19T00:10:00Z,241,matte_M1,4,56000,54246,52906,51210,47358,500,500,24,8.5,1,0.5,3,1200,42,1,0.557,3,1204.5,47,0,0.057,0,4.5,5
2025-10-19T00:15:00Z,244,polish_P1,7.5,56000,53897,52539,51106,48913,520,500,24,8.8,1,0.5,3,1205,40,1,0.476,3,1207.9,42,0,-0.024,0,2.9,2
2025-10-19T00:20:00Z,245,satin_S1,5.5,65000,61966,58824,57558,55831,490,500,24,8.7,1,0.55,3,1200,43,1,0.486,3,1201.2,46,0,-0.064,0,1.2,3
2025-10-19T00:25:00Z,246,texture_T1,6,90000,88309,84981,82554,80077,510,500,24,9,2,0.6,4,1190,48,2,0.625,3,1190.9,44,0,0.025,-1,0.9,-4
2025-10-19T00:30:00Z,247,satin_S2,5,75000,72059,69035,67478,65453,505,500,24,9.2,1,0.6,2,1208,45,1,0.54,2,1207.8,46,0,-0.06,0,-0.2,1
2025-10-19T00:35:00Z,241,matte_M1,4,55000,52364,51087,49543,48056,500,500,24,8.5,1,0.5,3,1200,42,1,0.54,3,1195.4,44,0,0.04,0,-4.6,2
2025-10-19T00:40:00Z,244,polish_P1,7.5,70000,67543,64841,62523,60647,520,500,24,8.8,1,0.5,3,1205,40,1,0.527,3,1209.5,33,0,0.027,0,4.5,-7
2025-10-19T00:45:00Z,245,satin_S1,5.5,55000,52908,51509,49208,47731,490,500,24,8.7,1,0.55,3,1200,43,1,0.754,3,1197.8,38,0,0.204,0,-2.2,-5
2025-10-19T00:50:00Z,246,texture_T1,6,55000,53250,51322,49572,48084,510,500,24,9,2,0.6,4,1190,48,2,0.799,4,1188.2,49,0,0.199,0,-1.8,1
2025-10-19T00:55:00Z,247,satin_S2,5,75000,72610,70347,67238,65220,505,500,24,9.2,1,0.6,2,1208,45,1,0.765,2,1208.9,48,0,0.165,0,0.9,3
2025-10-19T01:00:00Z,241,matte_M1,4,80000,77438,75356,72936,70747,500,500,24,8.5,1,0.5,3,1200,42,1,0.556,3,1202.4,41,0,0.056,0,2.4,-1
2025-10-19T01:05:00Z,244,polish_P1,7.5,65000,62504,61223,59077,57304,520,500,24,8.8,1,0.5,3,1205,40,1,0.593,3,1201.7,48,0,0.093,0,-3.3,8
2025-10-19T01:10:00Z,245,satin_S1,5.5,60000,58187,56514,54665,53025,490,500,24,8.7,1,0.55,3,1200,43,1,0.694,3,1201,42,0,0.144,0,1,-1
2025-10-19T01:15:00Z,246,texture_T1,6,56000,53863,52447,51267,49728,510,500,24,9,2,0.6,4,1190,48,2,0.727,4,1189.7,58,0,0.127,0,-0.3,10
2025-10-19T01:20:00Z,247,satin_S2,5,80000,77026,74962,72656,70476,505,500,24,9.2,1,0.6,2,1208,45,2,0.614,2,1211.1,43,1,0.014,0,3.1,-2
2025-10-19T01:25:00Z,241,matte_M1,4,65000,62880,60469,58952,57183,500,500,24,8.5,1,0.5,3,1200,42,1,0.55,4,1200.2,43,0,0.05,1,0.2,1
2025-10-19T01:30:00Z,244,polish_P1,7.5,65000,62733,60779,59082,57309,520,500,24,8.8,1,0.5,3,1205,40,1,0.457,3,1208.9,41,0,-0.043,0,3.9,1
2025-10-19T01:35:00Z,245,satin_S1,5.5,56000,52719,50888,49038,47566,490,500,24,8.7,1,0.55,3,1200,43,1,0.711,3,1198.4,36,0,0.161,0,-1.6,-7
2025-10-19T01:40:00Z,246,texture_T1,6,70000,66798,64833,62441,60567,510,500,24,9,2,0.6,4,1190,48,2,0.584,4,1190.3,48,0,-0.016,0,0.3,0
2025-10-19T01:45:00Z,247,satin_S2,5,55000,53154,51483,49933,48435,505,500,24,9.2,1,0.6,2,1208,45,1,0.542,2,1208.7,35,0,-0.058,0,0.7,-10
2025-10-19T01:50:00Z,241,matte_M1,4,56000,54517,52730,50986,49456,500,500,24,8.5,1,0.5,3,1200,42,1,0.608,3,1194.5,43,0,0.108,0,-5.5,1
2025-10-19T01:55:00Z,244,polish_P1,7.5,80000,77916,75597,72976,68261,520,500,24,8.8,1,0.5,3,1205,40,1,0.649,3,1209.2,51,0,0.149,0,4.2,11
2025-10-19T02:00:00Z,245,satin_S1,5.5,56000,53575,52370,50229,48722,490,500,24,8.7,1,0.55,3,1200,43,1,0.616,3,1199.3,43,0,0.066,0,-0.7,0
2025-10-19T02:05:00Z,246,texture_T1,6,55000,53476,51076,49053,47581,510,500,24,9,2,0.6,4,1190,48,2,0.729,4,1190.5,56,0,0.129,0,0.5,8
2025-10-19T02:10:00Z,247,satin_S2,5,70000,66946,64597,62068,60205,505,500,24,9.2,1,0.6,2,1208,45,1,0.753,2,1213.6,39,0,0.153,0,5.6,-6
2025-10-19T02:15:00Z,241,matte_M1,4,65000,62238,60738,58366,56615,500,500,24,8.5,1,0.5,3,1200,42,2,0.563,3,1199.9,35,1,0.063,0,-0.1,-7
2025-10-19T02:20:00Z,244,polish_P1,7.5,70000,67807,64575,61948,60089,520,500,24,8.8,1,0.5,3,1205,40,1,0.56,3,1212.2,30,0,0.06,0,7.2,-10
2025-10-19T02:25:00Z,245,satin_S1,5.5,60000,57738,56298,54721,53079,490,500,24,8.7,1,0.55,3,1200,43,1,0.694,3,1195.9,36,0,0.144,0,-4.1,-7
2025-10-19T02:30:00Z,246,texture_T1,6,75000,72978,71937,69937,64488,510,500,24,9,2,0.6,4,1190,48,2,0.625,4,1191.6,57,0,0.025,0,1.6,9
2025-10-19T02:35:00Z,247,satin_S2,5,65000,62715,61014,59627,56433,505,500,24,9.2,1,0.6,2,1208,45,1,0.61,2,1210.6,43,0,0.01,0,2.6,-2