datetime,vol_start,pressure_psi,vol_press_out,recipe_id,vol_glaze_out,max_temp,cooling_profile,moisture_pct,external_humidity,air_flow_top_setting,air_cooling,thickness_mm,vol_kiln_out,vol_sort_out
2025-04-19 10:02:00,73300,3124.711767545699,72512,241,71949,1200.0,5.206608737484271,4.6293254369239545,40.33820342696478,7.215433118572148,3.2032161700651347,8.49078811454631,70484,63603
2025-04-19 11:14:00,80100,3287.979861277198,79041,247,78565,1200.0,5.669716801101729,6.087604234185464,58.239791936674465,8.82554239522753,3.8945440020682005,8.520609241678283,74526,67288
2025-04-19 11:16:00,80000,3164.282191399435,78972,246,78143,1200.0,4.4734114148133886,5.7035625345365055,35.862032944335226,4.366876334404706,3.035160383049502,8.54044263541974,76134,68388
2025-04-19 19:46:00,82300,3290.976674043746,81337,244,81114,1189.7113846611724,4.7678946874049,6.288735245606957,72.94890210365834,4.778627055023128,5.523866064776984,8.5607341762665,78267,69929
2025-04-20 12:16:00,72400,3440.2348195125564,71413,245,70610,1200.0,3.751213258379784,6.6465713332605265,50.44062277828083,6.542781130031919,4.403691668994279,8.39295697729965,69226,63300
2025-04-20 14:02:00,69600,3378.0338508566892,68804,246,68299,1193.4591961022988,4.779158669827995,5.423180556790313,44.983470641671204,5.416069348078591,5.508870216475588,8.426690586306798,66024,58718
2025-04-21 12:12:00,76700,3359.7790974109685,75926,247,75395,1200.0,5.482090609738262,4.682971669738827,55.91439733385017,5.6757749556988975,6.027567808731522,8.324998272141787,72920,66502
2025-04-21 13:13:00,78400,3040.6918002245143,77565,244,76502,1200.0,5.046373039368272,4.834252040564267,54.96587939487207,6.222115263184024,4.759227988232742,8.563550623807943,73967,66246
2025-04-22 15:02:00,64800,3167.9422980407053,63963,244,63436,1196.6785134651086,4.351081956552514,6.44314246689851,40.15158020937129,6.240448694903466,3.4012827379323936,8.503128186160286,61539,56616
2025-04-22 15:09:00,55200,2951.8442244618795,54658,245,54207,1197.3679154329643,5.121286455672044,7.66069186552955,50.155529903729786,6.32719157267587,5.297518793276939,8.424056938601762,52139,47187
2025-04-23 10:27:00,65400,3208.9187159288135,64843,244,64147,1189.6562583626942,5.460167161151361,6.539094680903811,48.79800464503249,5.69609287710632,5.132926621269033,8.682241335522347,61567,56068
2025-04-23 11:30:00,76600,3367.7866979376986,75932,245,75208,1197.1383649646828,4.581218879112454,5.847259456162071,61.13808163154782,5.347858318481184,5.9185099388712015,8.669350776511001,72943,66425
2025-04-23 13:15:00,61000,3265.748805585002,60341,244,60085,1198.6856613759085,5.768413230784219,4.805959678242262,69.70932368605936,7.781635390022603,5.368340360684249,8.342392667606608,57849,52472
2025-04-23 20:50:00,72400,3429.205262904242,71733,246,71113,1195.8858166998693,4.519814100097776,5.993365902922806,64.88856561026768,5.977204049654551,5.605664336562586,8.425008405961579,68901,62314
2025-04-23 20:53:00,63500,3105.8239512474806,62944,247,62480,1200.0,3.9096833862010323,4.036107466683729,44.48435736116666,5.300276507067773,5.8277341286257025,8.496807690456286,59884,54787
2025-04-24 09:50:00,58400,2986.411181558161,57978,247,57568,1197.9543286489022,4.209404671643222,7.069126652124667,44.111231543452874,5.887028611177134,5.44666672100791,8.376002322137138,55712,49710
2025-04-24 11:10:00,60700,3219.325668189122,60015,244,59395,1200.0,4.541966144249693,5.3075198740851235,48.25103590661687,6.79568244490356,5.09447474583469,8.612498256088234,57126,51415
2025-04-24 11:21:00,73500,3322.5791263866454,72896,246,72433,1196.070322718927,4.8468671118000755,7.239387300638354,65.9541209538367,8.013563883795769,4.81797510566567,8.878812791881387,70069,62392
2025-04-25 11:24:00,66800,3168.612340842254,66016,244,65117,1191.9393351690255,5.265697459304882,7.455732519853115,46.977313320817004,4.370448992539827,4.9124996927005755,8.48676571829746,62396,55934
2025-04-25 21:19:00,60000,3257.7509153342294,59211,247,58461,1199.3646423374005,5.773909976493189,5.669084354245763,61.38713155084531,5.784121930712179,5.799726342574662,8.587362028031338,56422,51904
2025-04-26 08:50:00,80700,3281.6668780346295,80039,245,79439,1191.7613314230557,4.963081396363866,6.207298380401654,58.53072520064506,5.880093406041509,4.116999450160316,8.521607152400616,76299,69119
2025-04-26 16:24:00,68500,3138.233901868418,67720,247,67014,1198.4918223070504,5.5028440313825255,4.960142716587706,50.858193597818186,6.557056979358746,5.469855973418268,8.34730008662219,64136,58047
2025-04-26 17:29:00,70400,3306.5192696611243,69964,244,69288,1198.400266168554,4.975021594172745,4.699869915913164,46.077943637778404,6.313710077505423,5.629565260820638,8.330382309808865,67443,61335
2025-04-26 18:31:00,87900,3245.8520450710776,86585,241,86029,1195.954884589333,5.894432632044251,6.879353448429126,50.720769734696816,5.731073292373064,6.910368814933389,8.47027247431532,82056,73545
2025-04-26 21:27:00,58900,3300.0743232128293,58123,246,57772,1199.2870816353034,4.621569482577491,7.683812070044657,43.34836548184805,6.53224035011044,5.083739877545271,8.535312012288239,55067,49248
2025-04-27 13:44:00,63400,3058.400412552049,62784,247,62458,1195.23058454798,4.943503714248927,6.373079825343598,50.992794810421536,7.143483810581381,4.990022331391726,8.009353745301897,60078,54575
2025-04-28 07:06:00,71300,3107.66383186593,70567,246,70037,1196.9557974876154,4.519895528330789,5.697688164641676,59.37779144733513,8.16259593726599,4.491562962837646,8.598450031096188,67758,61468
2025-04-28 08:03:00,66900,3171.9472240183545,66127,245,65729,1198.5572580364033,4.872453821822876,5.302453843072752,37.362573655743205,5.054382336247602,3.9425599736582324,8.63681575783723,63129,57481
2025-04-28 15:42:00,78800,2965.953933414862,77648,245,76900,1199.5572845298623,4.72993357060336,6.957996515625644,43.37904293555435,5.292055215741222,3.7453638604702295,8.389260972098604,74599,66728
2025-04-28 16:35:00,56100,3352.8903159891784,55480,244,54947,1195.2726746979172,5.452491508634475,7.519822327170429,38.92731490579784,7.641301003641314,5.436127302390707,8.40959652990529,53309,48140
2025-04-29 12:28:00,86000,2840.252944417021,84796,247,83635,1200.0,4.532228817482754,6.2480916005982365,60.430288116703714,4.948306827095778,6.086979793644422,8.42644021676772,80292,72239
2025-04-30 15:56:00,71300,3083.217758641433,70251,241,69535,1200.0,4.281949941209346,5.009398567250964,53.275245476217634,7.831739864733843,3.754977296334598,8.14632542010624,67162,59141
2025-05-01 08:01:00,68400,3204.8148053950063,67602,245,66727,1196.4559660508537,4.35995583586981,5.638247828836645,56.73666621191196,5.671425996495725,4.7867933762220884,8.359921415295375,63874,57339
2025-05-01 13:48:00,64900,3341.2074979206604,64206,245,63619,1199.133100408539,4.732588691544641,5.930150024173313,51.91310941600785,6.274320184854356,4.851834769016595,8.384852123000496,61215,55834
2025-05-02 09:59:00,69400,3061.645110940898,68988,247,68583,1200.0,4.8088122857915465,5.6212637573812,51.1456327502798,7.71991150915485,4.7209465433323485,8.604541281015607,66120,58716
2025-05-02 18:45:00,74500,3171.5178776275,73573,241,72725,1192.3646578567673,4.909328496545853,5.26350602400674,49.78748910703373,5.191356207087573,4.194012930054601,8.507748204029673,70095,63443
2025-05-02 21:47:00,73600,3251.0492099842113,72913,244,72354,1194.6859702119095,5.295547097585978,4.988383362473968,65.04361958482995,5.148109756737093,6.4258762522112605,8.396262197724342,69953,62488
2025-05-03 07:07:00,71600,3157.0811987770935,71067,246,70334,1200.0,6.194560473284509,4.520242802736545,49.385253177277676,9.021063707524638,5.170355457045871,8.654644478514355,68713,61645
2025-05-03 08:14:00,76700,3056.8315834207524,75936,247,74947,1193.438608207524,5.518653565744823,5.966620503372733,70.12064748210513,5.491757152432048,5.197873742196281,8.582004069743144,72475,65243
2025-05-03 19:00:00,69900,3418.1575602604876,69378,245,69028,1200.0,5.157951943067334,6.980895903667447,38.87280624595232,5.858931853342834,4.1950283240587805,8.584426423302835,66604,59896
2025-05-03 21:52:00,82700,3090.746246935494,81714,244,81053,1190.106834966623,5.003470248438556,5.945114092969381,60.548311035747986,6.405136204889899,4.012753611839429,8.497032405273709,78554,70680
2025-05-04 06:34:00,62800,2974.543783816015,61949,247,61316,1200.0,5.034110034177254,6.201088316226839,49.37091644024998,5.472844689137467,4.658381701843365,8.514860611323147,59257,53432
2025-05-04 09:15:00,72700,3098.3652367205773,71710,246,71277,1200.0,4.696717374535063,5.19120036460505,50.2572288176236,4.75062830195301,6.327318498951873,8.737568511183865,68492,61605
2025-05-04 11:24:00,63300,3533.1701313538597,62591,246,62225,1192.8260318290668,4.8513497958357,5.652907991660508,52.1039148383121,5.524909280951968,5.365511295662855,8.565830653432142,60208,54990
2025-05-04 16:51:00,71400,3376.0908560319604,70730,247,70197,1194.6218641479727,5.075994345092842,6.146063393797364,50.47038369654357,6.130746796228666,5.66825742074483,8.606928171397227,67841,61425
2025-05-04 18:08:00,84600,3310.800509227544,83629,244,83044,1200.0,3.9321027313148385,5.49714540775002,51.44103340241048,6.431253220522331,5.010678343199806,8.569738539868327,80641,73065
2025-05-05 07:31:00,75500,2946.8742030165745,75034,241,74248,1196.488687444616,5.096817943882027,5.2894697830956465,62.99573989404911,4.7603077971228185,5.655559864322252,8.163388974558089,72238,66085
2025-05-05 08:33:00,62500,3245.3340558968303,61893,245,61236,1200.0,4.213374919116782,4.226359029871768,49.47891371432552,5.579164610458472,6.187674552532334,8.360182699715338,59426,54055
2025-05-05 09:20:00,74000,3429.9163447246833,73107,244,72316,1197.7349434711484,5.2165374399188025,6.123686119133885,45.59303917190008,6.2751143868392125,5.832562502471415,8.423387932821385,69309,61556
2025-05-05 18:32:00,84700,3267.228717489389,83664,246,83226,1199.5955183816006,4.248636313198592,4.117117044346116,63.86047591916865,7.104978181784637,3.0834495584617487,8.629542966954553,79722,72796
2025-05-05 18:42:00,64800,3106.9936376968417,64196,244,63783,1200.0,4.955269583076726,5.2399461578891975,47.43098957054687,6.219278334822492,5.847454574208236,8.419378863576405,61458,54747
2025-05-06 10:50:00,75000,3245.9521969268135,74187,244,73508,1200.0,5.088954923026076,6.506141753230154,69.56938894568405,5.625392408700546,4.414350705016041,8.601457969860244,71248,63299
2025-05-06 11:45:00,57700,3309.150443123974,57277,245,56776,1198.692759968017,5.266064563752976,5.993757078875432,49.26057403298019,5.595380343532138,5.349605255857843,8.365632895187268,54879,48294
2025-05-06 13:31:00,77700,3035.162926754736,76597,245,76319,1200.0,5.520321136021933,7.036107255266688,63.758447668145664,6.972532278990596,3.340828805858565,8.629307151951052,72760,64938
2025-05-07 07:58:00,57900,3248.0523127070282,57060,246,56527,1200.0,4.949866270463503,4.950558210687059,37.56589243156352,6.279351984339753,5.027999151832248,8.642740398719862,54105,49572
2025-05-07 13:41:00,56700,3164.6998811563103,55910,244,55690,1199.7538996363157,5.153070503248034,4.534696081552618,36.59798743970717,4.034161795083073,6.247482130479575,8.412728099860448,53918,48038
2025-05-07 17:08:00,72200,3188.027245171948,71565,241,71144,1190.954140728052,3.877581683359221,8.514557235286897,31.414771570888455,7.055483845445976,5.008414507433137,8.62969155039873,68729,61614
2025-05-09 07:15:00,72000,3264.2871825146917,71561,246,71399,1182.3912965249701,4.810323884431127,7.067413513835911,66.53351443436495,5.987997414623672,5.708497279969225,8.376152427489972,69643,63181
2025-05-09 11:07:00,67900,3142.1383711439285,67548,241,66793,1195.2747363349893,5.38572411168542,6.149857276570791,57.146286090376506,6.799665325857545,4.288756461008177,8.663049292806098,64550,57824
2025-05-10 07:34:00,83500,3032.3232451278286,82914,244,82289,1196.1393383983836,4.114962436237398,8.277038907374083,56.752651410497975,4.928448083149017,6.111220327752585,8.344846802466321,78421,71003
2025-05-10 14:45:00,63100,3219.37684866523,62207,241,61969,1199.3583992868867,4.589251031317274,5.01635891384508,69.63205288259705,5.825494990783219,4.389676423287992,8.680831635265472,59876,53472
2025-05-10 15:09:00,66000,3336.7930485627667,65045,246,64735,1195.3589060817171,4.48485572344462,7.090338995453395,46.88523404757448,5.589162708640859,5.473432600692879,8.4945768098773,63127,56285
2025-05-10 17:01:00,73800,3165.5885848565567,73387,247,72593,1200.0,4.497282890542868,6.409847061164306,59.381802943608,5.41238924840893,5.923933636212125,8.734376522103796,70446,64514
2025-05-10 20:54:00,63700,2997.6318837012236,63319,241,62823,1200.0,5.0385553617247245,4.047176193419136,45.82478426466745,8.407169037360532,5.07280720332545,8.672967126591983,60201,53868
2025-05-10 21:20:00,67000,3560.09530941626,66510,246,65703,1190.4081934981473,4.74571039556734,6.646504969183028,25.0,6.725779814859806,6.006719500963554,8.5443264414007,63681,56501
2025-05-11 11:50:00,60200,3007.4813788902593,59637,246,59333,1197.3233264834332,6.5314526554878976,5.848672071948481,43.335099218079854,5.360688463131838,5.086484041590841,8.418351183951065,57331,51051
2025-05-11 14:33:00,73200,3297.987854642183,72562,241,71429,1191.8921809976002,5.718574034109168,6.0262758189444305,55.57640670882081,6.16670301492969,6.3650643206964554,8.320423289970574,68619,60408
2025-05-12 20:51:00,55600,3264.937297505751,55138,241,54728,1200.0,3.9436887471660333,4.780319497309503,33.98537697421709,5.512121403711051,4.262212737934983,8.469167960619759,52633,46751
2025-05-13 08:17:00,73700,3469.795946695798,72932,241,72369,1197.749941598387,4.958438455178606,6.447751467140384,37.85236932307952,6.150644392005388,3.431328866569978,8.425598030594985,69951,61973
2025-05-13 15:20:00,76600,3013.712512833341,75541,246,74925,1200.0,4.778784573035643,8.03818625120958,40.65784907411608,7.175786679745444,5.373722488126356,8.533080375686964,71999,64021
2025-05-13 16:19:00,56800,3516.6824106499166,56172,241,55645,1197.765716069092,5.165777141403416,5.8936731357275365,50.74648084254739,6.198579419754931,5.79437077670401,8.685281508203271,53767,48874
2025-05-14 08:05:00,85200,3490.855921296431,84600,246,83539,1196.4733128044659,5.850395339229282,6.743008568684393,49.17196697881203,7.016326782908786,4.8750115838949934,8.391813188783953,80366,72273
2025-05-14 08:24:00,71800,2955.5253843315186,70902,246,70495,1194.1419331527575,4.43156723556583,5.115045371401182,61.63527459105708,4.30045557142431,4.949443060575342,8.448063306111433,68202,61873
2025-05-14 17:52:00,81800,3115.9555688779988,80597,241,79712,1199.0967835418965,5.046466492909008,7.31968366843973,48.85242226893042,6.40368514469696,5.012714293472713,8.513233935279297,76102,68413
2025-05-15 08:12:00,72100,3148.6938281163993,71551,244,70577,1197.3420199776983,4.881167978232206,4.743291402660797,57.76817835876315,7.364089524345324,6.242037530373236,8.521024917119577,67910,62148
2025-05-15 09:42:00,60900,3119.6214631779585,60034,244,59354,1196.7446542907437,5.145787795749645,6.209135802177638,62.04790773017851,4.969225832060297,6.080810834863945,8.206877342575218,57685,51539
2025-05-15 13:34:00,62200,3528.2165842011955,61424,245,60958,1198.6026079561466,5.742869794445992,5.31635708278258,39.53948451584184,5.709593067215815,5.075541979726222,8.387452288971689,58766,53011
2025-05-15 17:50:00,65100,3038.194649427994,64695,244,64026,1195.2814286982998,5.507219611553109,4.201799858798469,31.462651567846393,7.058410929203318,6.649803839583515,8.425655589586784,62133,55621
2025-05-15 18:09:00,76600,3304.3398165454987,76203,241,75900,1197.381119499575,5.31824711222563,6.609814718689599,58.0450178650178,4.304886650440999,5.86872018987463,8.547406123102597,72402,65655
2025-05-15 21:01:00,75400,2980.6858842206975,74302,245,73748,1197.4701337394115,5.540480722360003,7.574352321500691,28.547947757872155,5.914132620127297,6.5455571030026,8.314383431438834,71214,63656
2025-05-15 21:56:00,77400,3384.1493375474165,76459,246,75602,1196.975540946055,3.9449223559653817,7.93436527937587,39.43457932708048,6.6943415927721315,5.576531800582249,8.34229491614253,73417,65889
2025-05-16 12:03:00,84700,2973.0692495967187,83784,245,83068,1196.635750171616,4.859871511410881,7.33017848285751,30.984515450762885,5.2568446000994475,5.072869312306835,8.683332304377744,80365,71662
2025-05-16 16:24:00,73000,3458.9823393559955,72338,241,72059,1196.9667537976247,4.509387756600928,6.372592773829919,66.84663819694542,5.426404264383524,4.264362210814833,8.610550889981882,70283,63546
2025-05-16 17:23:00,59300,2965.4323328651603,58690,246,57915,1194.5119080657255,5.013350193648739,5.6375556272957885,51.687342569027244,7.027620793823854,4.322230772491233,8.541106997050852,55940,50923
2025-05-16 19:00:00,73100,2973.7320692657586,72564,245,71698,1198.785163877986,5.083944233390059,7.552258145053342,54.45198269301127,4.818304559785361,5.611199992610408,8.549838132214626,68897,62266
2025-05-19 19:26:00,76900,3318.6225808657955,76105,246,75774,1197.7951801929123,5.990645586972622,5.618547604353633,54.72548127335271,5.618589262616399,3.2984958369321973,8.635140578959144,72994,64668
2025-05-20 09:48:00,64900,3062.2301432108525,64059,241,64013,1195.2256535849947,5.156490353495682,5.996345037127,38.059958812551756,5.840063202402183,4.731404053064663,8.70561866378942,61223,54868
2025-05-20 20:49:00,81000,2949.6128228670245,80038,246,79429,1193.1118121902634,4.535665312802642,6.970373210050711,58.58885546049802,6.017590064296685,6.072151339347259,8.54006829457767,76264,67600
2025-05-22 10:01:00,74100,3115.205785150382,73244,246,73244,1200.0,3.8399057463226973,5.868513555245372,41.70720357898637,6.5910685170910694,5.669636320147926,8.627615094668002,70670,63668
2025-05-22 12:58:00,70700,3238.7863425950586,70306,247,69801,1196.2832376423642,6.178339256068846,5.242268236986082,29.776362885736948,5.908286037905514,5.0696359689372406,8.383315387912265,66922,60166
2025-05-22 15:56:00,56100,3149.7179895133927,55442,245,54697,1200.0,4.407599578295098,5.206936706424574,59.88406213327462,5.040799057993936,5.61123855403025,8.46397614944893,52645,47626
2025-05-23 06:13:00,83400,3034.8097351629954,82321,244,81522,1200.0,4.068626359948636,5.653859240562093,60.335196070949216,6.417183019428162,6.41032546309652,8.568689308253456,78193,70606
2025-05-23 16:05:00,65500,3240.581911014341,64959,245,64266,1198.6386854142866,6.271077419941538,7.497284561385642,66.53197999353307,5.595301223768241,4.662345824529924,8.776260545557788,62665,56331
2025-05-24 11:39:00,79100,3257.8977031390104,78412,246,78123,1195.7364046604278,4.974992177684425,5.716122356770421,48.24511659533509,4.9085119853731225,4.880803633007562,8.615555931103433,75487,67955
2025-05-24 18:03:00,71800,3201.698453088146,71203,246,70189,1194.2882376733166,5.691834402273214,6.25380796528505,40.13127780069492,5.811199805251178,3.406644476112676,8.439398261283857,67997,60486
2025-05-24 21:13:00,66700,3366.8736293386237,66074,246,65773,1200.0,3.4175627720469524,5.752315707253114,53.39383405489562,5.375533620758905,5.906544631569679,8.360401012962027,63219,57296
2025-05-26 09:12:00,62400,3101.0119653052384,61930,247,61300,1195.539451478377,4.463834011920746,4.570443541602234,42.27914263693234,7.250099259354618,5.647142724995334,8.277007452234677,59280,52810
2025-05-26 11:58:00,81100,3084.743611246919,80584,245,79723,1189.2683173642906,5.090861937005717,5.802643208453041,36.49289305270768,6.6391533015647735,3.4284072706631874,8.585728662586366,76440,69630
2025-05-26 12:54:00,77100,3243.4080431197594,76634,241,76269,1196.8344888478875,5.716602403488749,7.096172096121226,40.95376844612562,5.094866524785171,5.54104211309166,8.670185172387788,73570,66868
2025-05-27 09:57:00,58200,2988.441284761221,57807,244,57172,1200.0,5.3199305549565405,5.80094834026092,52.22281429766174,5.387780070012678,5.781040284839129,8.645848848352935,54943,49438
2025-05-27 11:45:00,63400,3331.6972874107264,62571,245,62003,1196.4140205672165,5.956877703806217,6.749402387851191,68.73807067483187,6.265841254131244,6.025625050363005,8.341222380770201,60556,54638
2025-05-27 16:19:00,68900,3600.0,68316,247,67453,1197.177543430146,5.083575928535715,5.322087234195994,56.76259409433083,5.957317364359908,4.786349040821023,8.426089780716257,65187,58946
2025-05-28 13:07:00,78100,3053.785040842095,77297,247,77081,1199.1472361093236,5.115736304367001,5.010274002033992,56.684128031167546,4.275576936906179,3.8805388563834953,8.369591275576363,74710,66619
2025-05-28 14:52:00,62200,3345.7241747554867,61369,241,61193,1192.7395856868307,6.013492533823545,6.713378178170921,43.527783321675535,5.896161419870169,4.949146444962675,8.800796119581888,59526,53087
2025-05-28 19:41:00,78100,3244.7953229674663,77110,245,76026,1190.7510717367913,4.195326638138437,5.452438324067807,59.25454368890495,6.76428863679365,5.997923639067676,8.523768371124472,73064,67125
2025-05-28 20:54:00,79800,3478.479136467447,78814,244,78249,1194.7999311004774,5.285402180982828,5.0271777637947075,40.301949079333966,4.6065064350026,5.388778794841397,8.457060800837306,74800,68139
2025-05-29 15:43:00,62000,3218.8668932840046,61467,241,60867,1200.0,5.499483362166144,4.045334027197939,55.97423562862294,5.790604188838525,4.207902555113849,8.574446211342114,58555,53871
2025-05-30 08:37:00,87000,3124.2739465098193,86249,247,85202,1199.8040637300485,5.2902195240058045,5.916159867650655,33.082817205458326,6.578577500381522,3.9690898289050613,8.428039815570932,81735,74520
2025-05-30 12:37:00,83000,3302.305269412715,82530,241,82024,1200.0,4.7743514341964985,5.0424146852406615,48.06033131008525,5.466231440756641,4.4182399402206975,8.319976007209094,79127,71796
2025-05-30 16:21:00,79700,3384.7263189761334,79166,245,78826,1194.6662663093307,5.207660551941187,6.760789447769238,36.98837590172161,5.962949003664823,4.729957866897258,8.020456336518004,76510,68052
2025-05-31 19:08:00,66400,3465.6391028489966,65968,245,65295,1197.7766894388528,4.3100015428300065,6.96803941890988,31.053742592712126,5.98091396456408,4.426606465376879,8.517578127677982,63194,56658
2025-06-02 08:04:00,55000,3322.232365677269,54707,241,54312,1198.3580797076543,4.712354575647739,5.363661803328733,25.0,4.8300187174440214,4.693593900204319,8.468477214218398,52022,46388
2025-06-02 08:23:00,62700,3178.7839778149873,62283,244,62104,1194.415586324234,4.468958475410343,4.894995657175233,54.28571056176391,6.226169241323953,4.955506938445565,8.464508320078874,59644,53152
2025-06-02 09:38:00,75800,3306.671709139757,74672,247,73763,1190.2114545639106,5.021859301840619,6.729984418314448,49.652277864804745,5.326314016951977,4.005857606096196,8.456336717658212,71202,63608
2025-06-02 09:58:00,76500,3170.770917106621,76033,246,75402,1198.0067069976621,3.6000277521982285,6.341003302599313,41.29828724717107,4.118672440151361,5.135432067579124,8.947702318947451,72741,64018
2025-06-03 12:37:00,72700,3104.649929514205,72190,241,71683,1194.8080830578872,5.068724237226266,6.818802036825424,45.655234741982675,5.7243807379374685,6.278629390580242,8.541909973634716,68946,61920
2025-06-03 13:11:00,57000,3161.4257094366817,56520,241,56081,1200.0,4.755852470390188,5.845219060853321,40.290674629669525,4.1069388004522915,5.823345420006711,8.366954398002983,54059,48467
2025-06-03 16:29:00,67000,3456.3291054816373,66141,247,65536,1197.460159599453,5.643316116583568,6.102356044417413,61.32920820609324,6.222703853606912,4.958465583580119,8.634531249814671,63419,56572
2025-06-04 10:22:00,80600,3169.974314899704,79606,245,78945,1200.0,5.274104173872599,5.807668587495831,53.21379093120567,6.672363346235754,5.615605597951985,8.492247278963308,75986,67682
2025-06-04 12:35:00,84700,3318.062254977632,84191,246,83985,1200.0,4.445960677908671,6.336704224519035,56.4380552210225,5.714176304889805,3.6587160948488835,8.765875762393682,80363,72160
2025-06-04 18:54:00,84400,3313.5059400991236,83861,241,82661,1199.1042169094967,4.419962626627361,6.538996545434516,46.580425765015306,6.57427500779506,5.291503334119767,8.46358891133411,79686,71364
2025-06-05 12:31:00,78500,2804.185637824485,77472,247,76948,1199.270346910464,6.157314751964669,6.678396545310719,62.26875145246352,5.997569683418411,4.8613468817507295,8.424247301271393,74775,67389
2025-06-05 21:47:00,84100,3478.2121439307734,83005,245,82392,1191.5823567697817,4.482945283112985,6.124726368875565,45.42345005193995,7.067837146163554,4.454207496493062,8.620151297716907,79079,69695
2025-06-05 21:49:00,81500,3280.5057445000116,80679,245,80128,1193.7880753788043,4.84931172687246,5.657977676691518,45.40706787396085,5.642057482350945,5.230295084948961,8.571473342144492,77779,70482
2025-06-06 07:38:00,78300,3213.771537193773,77526,246,76536,1200.0,5.307944895142012,6.322618570040302,64.83055737535548,6.382798580802542,4.273686809734923,8.381128094151698,74312,66838
2025-06-06 14:01:00,80900,3157.3450003420953,80418,244,79561,1192.1996967795212,5.798646441989217,4.400405317224361,64.68198735004441,6.17547315421722,4.949212840451894,8.417334713464903,76183,68027
2025-06-06 18:51:00,64100,3312.091644661339,63215,247,62484,1193.6170194720376,5.0155886003109,5.628707963765793,69.10534817694621,6.108100546464948,4.412547934861864,8.781422675355653,60090,54404
2025-06-06 20:49:00,70500,3145.8990574542054,69797,241,69124,1195.201314151055,4.629756442937195,5.809742583118077,51.7340568775185,6.629676340463167,5.314628214104384,8.522810822497442,66711,60656
2025-06-07 11:49:00,63900,3440.0059587615815,63342,244,62585,1200.0,4.722089532931201,7.119272252647413,41.563617754756514,7.3958463118613995,5.471190962472683,8.569394853944269,60500,55269
2025-06-07 18:13:00,58500,3238.4948072792295,58037,245,57619,1193.7945384674701,4.362163875270463,5.386672130737385,47.356492264649845,8.0829467459926,4.00822585223452,8.458502373526795,55750,49622
2025-06-08 06:06:00,60800,3405.038462891421,60050,246,59483,1200.0,5.668723617731565,6.323796515791135,50.10808179344349,4.783873095260434,5.117086551003972,8.29651025329917,57234,51145
2025-06-08 09:10:00,83600,3187.486304850387,82758,245,82407,1197.1228951426579,4.890764132507125,5.40787560906638,52.92925866458142,6.656626979735568,5.117015316687785,8.320276476156248,78835,71613
2025-06-08 18:53:00,70000,2849.0086037396723,68965,244,68378,1199.9499559627068,4.866810466924401,6.471260072492433,37.35343911867665,6.640317735471674,4.495542616735079,8.508716239488193,65450,57728
2025-06-08 20:29:00,61400,3160.026515806593,60822,247,60177,1200.0,4.5023149352661935,5.735709365250985,58.11668535316697,7.0037655293400665,4.838340287481586,8.231595496630947,57840,52348
2025-06-09 08:51:00,61000,3217.6635440299324,60604,247,60396,1192.6232452240386,5.733287913135765,7.647269170370548,50.154171367816765,5.197059076198418,3.4778237414326494,8.549342221910681,58113,52479
2025-06-09 09:57:00,63800,3167.045806113914,62856,241,62604,1200.0,5.823168128010636,6.410862879605743,42.07198556064804,4.844358528582601,3.7445840623012017,8.291346263863264,60452,54489
2025-06-09 21:38:00,62600,3101.127514756656,62120,241,61555,1199.6866733377442,5.220178005408099,5.507622787432345,45.41579067513659,6.966026230569254,4.031448802647219,8.552278656232922,58651,53354
2025-06-10 09:09:00,70900,2973.602679808413,69961,246,69469,1196.086828007234,5.503809137808177,6.969073500029987,42.36685375965804,5.7582277051681,4.6568519175359935,8.522224899211336,66376,60044
2025-06-10 20:57:00,70000,3150.7224141007573,69214,247,68851,1196.1459791807233,5.181220028619348,5.231210871343761,53.17459411975347,6.604173772581474,5.2637766528063885,8.458833285201743,66770,59477
2025-06-11 13:15:00,62300,3317.611774569179,61431,246,60884,1198.1474106906874,5.218470204732524,6.898147551614903,51.794338194713454,6.291875387597246,4.8255773015629835,8.591137277879433,58509,52795
2025-06-11 15:40:00,76300,3189.6125860046504,75656,244,75242,1193.6423113823487,5.065480627572049,4.4057860721306294,44.08358754130313,6.30921951054078,4.5602416819646026,8.24180146240627,72710,65332
2025-06-11 21:26:00,79900,3258.5685370704755,79343,245,79046,1200.0,5.633180668719059,6.508937804997543,42.875691342047986,4.1590739576236215,3.9841628267163074,8.277742270843847,76294,67717
2025-06-12 08:59:00,70700,3312.466609926264,69675,247,69390,1200.0,5.502940851988182,6.9563537242590305,38.69165367766439,6.061006005779055,4.3646493934764035,8.476019351119342,67431,60155
2025-06-12 09:29:00,80500,3252.067765091931,79835,241,79482,1199.7328584080494,4.779197361932518,6.063557442054035,48.68730777636564,7.492476535211872,5.3602076901232945,8.355330100229994,76868,68244
2025-06-12 09:38:00,75300,3197.380104567521,74333,241,74068,1196.4560865754672,5.199835404267735,6.3557533660294245,37.301909215051396,6.2188146644284155,5.176344755368478,8.39164441782618,71386,65031
2025-06-12 11:52:00,77000,3182.6832921062405,76154,244,75438,1193.3854568378572,4.487690894922963,5.796180607744757,48.00793071987964,7.982659908295322,5.150823230915439,8.658832388675686,73429,66970
2025-06-12 12:24:00,66700,3302.780245539021,65900,244,65425,1200.0,4.682937091449302,6.630801583341952,53.696176889993964,5.5160083304120855,5.248651071559244,8.564331850505678,63720,57251
2025-06-13 08:55:00,73800,3180.6243235038223,73269,247,72759,1194.6674552011673,5.131259406114197,4.114719032208658,68.68692251604189,4.993097444096808,4.654236111123101,8.319939699264042,69726,63029
2025-06-13 09:42:00,76600,2894.187175785337,75930,245,75250,1200.0,5.123980273420749,5.897232916956658,42.01993236829742,4.668977515679728,4.364387088891072,8.418927374005184,73240,65009
2025-06-14 15:38:00,77800,2841.788632239434,77312,246,76771,1196.1289114731549,5.454481146978865,8.031919870491993,60.75124156476649,3.794887614292146,3.814060070556996,8.684397824888245,73434,66369
2025-06-14 15:49:00,58700,3088.997218633543,58358,244,57864,1200.0,4.62431647067903,6.958696473727219,41.723844148145204,5.358613101944856,4.5708432129281515,8.405932483719404,56115,49916
2025-06-14 16:34:00,83600,3012.6054804493556,82779,241,82025,1189.890469016873,5.382380990205912,8.097639093064256,53.495134982822705,5.392693661812731,5.7409636851907955,8.473002363360244,79499,70785
2025-06-14 20:10:00,70100,3225.2227604334416,69195,245,68434,1193.5767332094902,5.073001346601414,7.617955713043859,48.080056036075476,5.5771592016297795,4.300957460181022,8.730521917584348,65387,59388
2025-06-14 20:14:00,80400,2989.9041037774846,79352,241,78779,1198.414102960934,4.120461453162421,5.1292979122750735,49.38253300500048,6.224469592321184,5.017220668764803,8.592697202660348,76605,68412
2025-06-15 18:52:00,66900,2990.393232617593,65972,244,65257,1196.0868205817253,4.822643528436254,5.893117882370555,56.71182087098447,6.69769517790769,4.269770897539368,8.474534039902228,62901,56425
2025-06-16 06:27:00,79400,3434.523995290478,78697,244,78172,1200.0,4.772518438569798,6.421186945830554,57.169137611940656,5.833678346629924,5.438355205707639,8.347088598084863,74984,66656
2025-06-16 08:24:00,86400,3181.311241071934,85427,245,84221,1194.8834864358835,5.334942343689627,4.775948124841793,37.87517131948887,6.201185779107844,3.4282599308952215,8.597612350359666,81857,73572
2025-06-16 11:26:00,81300,3058.5941602949592,80629,241,80187,1199.4249752743356,5.455947053150804,6.807567480391381,60.32232720809151,5.445199160838588,4.297988454772724,8.65265722382133,78187,70828
2025-06-16 12:40:00,66300,3266.4848941558844,65634,246,64973,1196.4831601845078,5.446896957460047,5.195454983745109,47.962124527242594,5.742382984652892,5.215442918851429,8.535877811897075,62109,56201
2025-06-16 14:27:00,67300,2853.7469518646453,66440,247,66268,1197.7601428682256,5.0766043015121305,4.44547565672023,39.33953950304548,5.333796044858614,3.614056697298175,8.489084339718476,64468,57538
2025-06-18 06:45:00,83900,2993.7239367023476,82722,246,82154,1197.9866359542739,5.826632766759381,7.672645273171555,62.03102295677428,5.020455419998442,4.75196267262135,8.308860734971962,80082,71453
2025-06-18 18:10:00,86600,3204.9387993631144,85838,246,85288,1197.065404114093,4.6275585238715555,6.403638309116004,57.15941440891594,5.647694423984106,4.708227849695821,8.251912350959879,82117,73789
2025-06-18 19:17:00,61100,3017.330812388278,60705,245,60547,1197.8290957124873,5.2423978122118715,8.19913792173277,51.83070788136799,6.462033058314718,4.391641294036628,8.323445667298623,58852,52190
2025-06-18 19:35:00,59400,3494.203726856467,58852,247,58674,1195.05245685982,4.715628967629801,7.197047025012337,46.477014134096954,5.033823913663332,4.829503653131279,7.854498049422711,56477,49784
2025-06-19 07:17:00,79500,3204.5026254044333,78767,247,77887,1191.7137607628545,5.443580191521982,8.039926117570594,38.587319942877905,6.172950299660232,3.4934790603085206,8.513287284631714,74848,66528
2025-06-19 14:42:00,76200,3311.890654492181,75458,246,74906,1199.7423316028073,5.127170806257621,5.442701711291248,48.97542193099377,5.322067281152116,4.895562532739788,8.385943575535766,72775,66182
2025-06-20 06:33:00,76700,3007.356219831949,75866,241,75217,1195.98730194225,5.502534320164913,5.236558997012969,38.52098733647154,8.016349387387256,5.384823862368586,8.465398100911141,72310,65617
2025-06-20 13:34:00,76900,3280.699853079814,76284,246,75681,1190.3297809217063,5.083325474722283,5.091689585960685,56.3293743979403,4.895539102334933,4.0069596022878375,8.354828666749894,74196,67044
2025-06-20 18:59:00,69900,2875.3515331223043,69339,241,68819,1199.6343970968808,4.5498323848028,6.272807447219136,56.594037789344476,6.973234106678569,5.237878055341377,8.649049721694253,66638,58641
2025-06-21 07:35:00,67000,3169.836513644731,66640,244,66007,1200.0,4.8769462377139225,5.472459318992611,50.56351084137241,4.568857513494734,5.694295460669316,8.75921637719823,64149,57995
2025-06-21 07:39:00,83600,3281.6474341733187,82982,247,82292,1199.587760944114,4.081719289434457,5.041194243331092,46.81552282650811,5.689969790112169,4.49911450178898,8.550249197877218,78962,69560
2025-06-21 18:33:00,83400,3129.1669625471945,82847,245,82006,1198.4277972731124,4.280074930499622,5.792324163750568,52.209079904437374,6.694536652115236,4.960420567421357,8.646273572085523,79564,70600
2025-06-21 20:01:00,64900,3032.950684266422,64497,247,63784,1200.0,4.227699106937852,6.311367148946754,52.745557750736715,8.87593633588029,5.696340985065111,8.518772444406546,61618,55984
2025-06-22 15:52:00,57500,3281.3624722822124,56641,246,56439,1200.0,5.069846439229794,5.675210391569667,51.96863602438157,5.793195706634146,5.992011040454388,8.277237359579203,53769,48813
2025-06-22 19:52:00,84400,3278.291423490775,83245,244,82253,1195.4924533428773,4.458853511840269,6.340495656960396,46.598639519708954,7.118281612780862,5.606081641949347,8.517534528698308,78724,71491
2025-06-22 21:42:00,61600,3134.256336876161,60832,241,60575,1195.4736384588696,4.206068053288773,5.732147849115019,49.41928500596557,5.559639888737601,4.3085824567717514,8.296849208193587,58030,52806
2025-06-22 21:58:00,75300,3152.78397116619,74604,244,74035,1199.449609979517,5.97644937829362,6.983432080548384,50.74211719956467,5.248224916263709,6.052916687518913,8.582410902671842,71657,64241
2025-06-23 17:05:00,55200,2902.212249546063,54479,244,54319,1191.9871570799048,4.949319271934873,5.367666741637778,47.17351754692781,5.334688903250073,5.461989081545667,8.605525261477004,52303,47334
2025-06-23 18:00:00,67700,3252.4222956099466,66765,241,66396,1190.167727111559,5.5434430276386015,7.086211281062723,50.40286999604585,5.958388102261343,4.456672179628159,8.451319136911112,64251,57347
2025-06-23 20:10:00,70600,3470.14771556149,69862,247,69281,1193.8602182549623,6.147011222536933,6.655901549771329,42.86938291448222,5.4718243216557605,3.705765011230742,9.090672601455742,67141,60522
2025-06-24 10:59:00,81700,3187.865367388259,80725,244,80415,1197.6695179094422,5.029621075550877,4.6089781244130705,56.162941882654366,6.440420490616349,4.757893909785266,8.50035725296754,78205,70609
2025-06-24 14:44:00,55400,3570.2241499761735,54904,245,54443,1200.0,5.202408529014921,6.126926438666485,36.45644028917006,6.327890285953297,5.027665076619822,8.482487902240498,52980,47483
2025-06-25 07:44:00,73800,3056.3066676687854,73007,241,72744,1194.1457413417806,5.0980897950934825,6.264108386263225,48.89588131080367,5.4046804471411605,5.13974669263354,8.58342021966562,70107,64367
2025-06-25 08:36:00,87900,3032.429286219376,86765,244,86088,1193.6336480878358,5.594673642552597,5.614473934377909,48.42416049593182,4.395908997955056,5.785287428851198,8.381634192859277,82746,74206
2025-06-25 09:12:00,60000,3039.950315295669,59444,244,58996,1193.496934583863,4.780469387310297,6.053001731932186,53.13042546932765,5.7956233719043135,4.145272261467636,8.414641924476605,56042,50750
2025-06-25 12:44:00,55000,3287.651511322515,54366,244,53943,1200.0,4.769536979077736,5.841991925211923,43.52592935182202,7.817184814158542,5.453225983417788,8.445158873451943,51204,45914
2025-06-25 14:16:00,67000,3213.399263650947,66414,246,66100,1200.0,4.8237086946334005,4.603375882683781,37.729090352829076,6.614759943758219,5.372014412148971,8.612318971555029,63655,57178
2025-06-26 11:00:00,82000,3267.860501988244,81051,245,80938,1200.0,5.815225347013438,6.78274825264577,70.22564142047963,4.391833241048735,6.900903314077098,8.463146877455852,78586,70284
2025-06-26 17:56:00,69700,3181.3517650840445,68763,241,68279,1195.4241029045095,5.383667209448353,5.283734828134418,30.364254127070932,5.0460686607398,6.07233516042923,8.446050705158852,66294,59529
2025-06-26 21:32:00,72700,3301.6088687981064,72001,244,71455,1200.0,4.8448005721030984,4.712037980255918,42.308986521549336,3.5875188623297842,5.204883287754172,8.545160172696022,69326,62308
2025-06-27 07:33:00,61000,2970.964655295161,60564,241,60368,1199.7128304395756,5.33432789996462,5.926974131818635,51.39484956406293,6.5664826928242865,5.142544771051822,8.450981504542922,58046,52688
2025-06-27 18:01:00,59400,3273.4391292678147,58738,241,58045,1197.4795720329141,5.440293559197147,6.258579973993006,41.15432086625748,4.993311570977725,6.899924913517997,8.64215405439058,55619,49660
2025-06-27 19:00:00,72500,3225.2460306392686,71975,246,71503,1200.0,5.297296031417348,4.686389143125601,42.97830431089072,6.038784883823372,4.347673784101418,8.836258909248063,69319,62735
2025-06-28 08:16:00,56800,3485.6530175589105,56203,246,55725,1196.193369458189,4.674506724930581,7.594969433759887,34.04212191245662,5.718303770696193,5.329899999199831,8.56257496759803,53455,48566
2025-06-28 16:37:00,83000,3308.588179905712,81967,246,80955,1195.5754352927313,5.264681523709785,4.840396256899154,58.08700023575594,5.6466347606183485,4.366904486459605,8.386499951397015,78058,71220
2025-06-28 16:43:00,63700,3183.121660589695,62953,247,62319,1196.0924357570022,5.482366138930379,6.134536743697932,50.07684021106982,5.229848672112312,5.236861120391484,8.50177299642005,60321,53640
2025-06-28 18:57:00,70500,3156.7046531661454,69510,246,68919,1196.128295944322,5.614756580118979,4.287580442147632,52.60743997899899,5.102390327206187,4.982226202930438,8.532507400074136,66431,60855
2025-06-29 06:34:00,68300,3099.547756964414,67277,241,66861,1200.0,4.958429888913829,5.971719077524125,51.78171814481381,5.7754488848185215,4.588219478517208,8.301370649448918,64752,58346
2025-06-29 10:13:00,69200,2985.9942091890885,68774,241,67972,1196.4070147281398,4.903825610302707,4.1974524716367725,51.966460696015915,6.142588500580232,4.51484760075052,8.403557901879633,66037,60458
2025-07-01 08:14:00,67700,3253.072030048072,67021,247,66482,1199.407647575229,5.207406467163259,6.245949778946817,44.999891940680854,5.17885264721648,6.172789282438299,8.564518375888298,64594,57623
2025-07-01 14:07:00,57500,3126.5299367185894,57152,244,56355,1200.0,4.674825688414839,5.802361197223003,39.91180106788564,5.669272164410124,5.466838528143227,8.52435931997346,54365,48889
2025-07-01 14:24:00,58800,3383.518729234989,58077,245,57534,1194.3840394896965,5.70109626820348,6.056289630722919,56.347361874421146,5.476444077097323,5.36197951379691,8.364694082600431,55521,49092
2025-07-02 10:04:00,69900,3093.537523169373,68883,245,68867,1190.7828944137927,5.202230765774419,7.192095534878129,51.28414201836134,5.730244336496991,5.038504312945045,8.3614600802142,66422,59272
2025-07-02 19:08:00,61300,3066.7935711009127,60492,246,60492,1200.0,5.755701993253114,5.19577952848725,71.37955024419682,4.672347054824522,6.8051087882768355,8.686492831273993,58997,52488
2025-07-03 07:19:00,82600,3341.3753012391935,81501,247,80463,1194.5931678424395,5.047291851375819,6.7824323040913805,54.93501602256624,5.791259214236919,5.200530401259829,8.525327362170982,78350,70867
2025-07-03 07:44:00,75300,3442.7649709810316,74717,241,74077,1196.1521528606042,5.3975030904368495,6.775064377187115,69.19969052755097,5.566599047017162,4.818367634103023,8.368071898784583,71538,63268
2025-07-03 08:46:00,73500,3146.181316532659,72852,246,71988,1200.0,5.335043224644015,5.226082905887449,51.01117690556564,6.039254150547964,5.220637604203795,8.6053710231067,69425,63457
2025-07-03 18:27:00,60200,3296.903226533384,59704,244,58797,1188.992521127273,4.459330274416079,5.609540941072735,31.174904623038078,6.659915022706076,5.890517979705757,8.702216855116983,56900,50816
2025-07-03 19:31:00,77000,3060.59935122464,76446,241,75874,1196.2563547460147,5.401010367127712,5.822627677550274,39.26694545934787,6.572528192912032,4.9446030849256495,8.592209730150977,73036,64354
2025-07-04 07:00:00,68200,2800.0,67523,247,66951,1193.091213456265,4.6072306267415355,6.702225726598497,47.89669761625341,6.052793486565927,4.129959420653734,8.668714248406836,64593,57313
2025-07-04 07:27:00,87000,3194.7737217479844,86364,246,86081,1200.0,5.71915247610619,5.508686361966944,60.29299024660741,6.044996940372125,4.33045109684872,8.668666147750006,83500,76629
2025-07-04 15:45:00,58400,3418.6914418113365,57906,241,57431,1200.0,5.123695570281319,7.89744612130792,60.014329829113436,7.24386455089233,4.359276897281648,8.56039891301916,55752,50252
2025-07-04 15:55:00,68800,3392.9475495773568,68203,245,68111,1198.0227591311868,4.386387039949126,6.118320027622046,70.6182035981864,6.91825711277716,4.086007451295228,8.734380592707279,66159,59141
2025-07-04 17:59:00,76700,3141.0240566302186,75552,244,75194,1200.0,5.172331377326578,6.209334536030223,55.68818995664534,6.258890297634706,4.934469228800375,8.562967419712438,72763,65694
2025-07-05 14:07:00,70900,3289.167994420785,69846,246,69085,1200.0,5.599720845095154,5.615737283092648,32.626318759651745,5.933730235059626,4.542730013267091,8.330100716748774,66417,60026
2025-07-05 14:45:00,69400,3118.33082595473,68792,246,68356,1194.126976575574,5.660709372494334,5.865695863451321,54.08696771917819,6.274264359118684,3.848033597240436,8.409498246009877,65878,59862
2025-07-05 20:39:00,82500,3103.0050482449465,81344,246,80796,1197.9793880342174,5.88375750493522,6.139356374793023,44.52551966037851,5.57338621959115,6.4398024890591214,8.306081026409593,78254,70341
2025-07-06 06:48:00,76900,3157.976704151109,76378,247,75702,1196.1742854659788,5.592178651049914,4.910570998353858,49.473947879143374,5.074518602344636,3.8332605494862695,8.353279254620796,73088,65940
2025-07-06 17:31:00,55300,2963.629918047009,54672,244,53963,1200.0,5.373563965921699,5.969432532019551,28.654701409074228,5.475950715129885,3.6791197655722794,8.522271453782839,51632,46117
2025-07-06 20:25:00,61100,3437.072362760084,60681,247,60151,1200.0,5.6301242133386875,5.0808969796073615,39.880841072864676,6.43419920162022,6.15704133701688,8.988109941669139,58509,51895
2025-07-06 21:57:00,80900,2899.3521212752717,80474,241,79421,1195.5600965873946,4.882777103881052,6.875169950428429,58.73557210530272,6.268789439840646,5.399221152022022,8.690396809253622,77267,70640
2025-07-07 17:10:00,83100,3341.2137584394877,81910,244,81167,1194.634712533782,5.05688757785269,6.379093517079577,40.75367622182083,4.938658072060948,4.563552819777869,8.507324408472122,78125,70068
2025-07-08 10:12:00,78800,3061.983715006767,78197,244,78047,1200.0,4.561677754456584,6.450502172957147,43.20567452277334,6.5475342620870975,5.810509618269674,8.471353097969056,74978,67007
2025-07-08 12:39:00,85500,3026.510410867109,84802,245,84665,1200.0,4.276589404710934,7.54614255363896,53.95877324906416,4.594364967678473,5.0042111580084505,8.644682837282318,81556,72684
2025-07-09 09:18:00,77000,3297.2192725375007,76370,246,75618,1191.9432096531177,5.290300322054698,6.13114565074619,41.42842065078178,5.568337364960489,4.87353573566674,8.486527740233564,73511,65589
2025-07-10 09:51:00,65200,3118.7121222236956,64765,247,64114,1195.3623180852387,5.0171462678723096,6.201711191069458,44.316235272058336,6.373775845749217,4.72831994455,8.748716107371742,61789,55212
2025-07-10 12:30:00,72700,3092.4761361299657,72272,247,71393,1195.701860888675,4.968535600472667,6.7479494688865875,52.26153319593925,6.310703881620692,4.673699254416012,8.506434885389979,69257,63388
2025-07-10 19:39:00,82100,3028.042588966622,81570,241,81116,1200.0,4.240088477156355,7.482606372218562,55.05852733337165,5.201773136202341,4.215105289499074,8.496115134299773,78790,71022
2025-07-11 10:20:00,83500,3196.1956579359817,82295,244,81699,1199.0908591989878,6.292874279869501,5.786592728968759,41.81039073798696,5.614108603879206,5.609744817719216,8.385742855581867,79246,72906
2025-07-11 10:30:00,70600,3203.2550796757905,69879,247,69348,1200.0,4.528460512454871,5.70420285416221,44.79668935752005,4.9868354975137335,5.299480172174153,8.551875790883336,66098,59638
2025-07-11 18:35:00,67500,3456.8666533313894,66933,246,66376,1196.620940188909,5.284035489997397,7.390122033142294,41.15650392502783,5.483462227437342,4.501672732114159,8.445277496564954,64125,57443
2025-07-11 20:56:00,68200,3076.9284616984705,67314,244,66843,1197.1026854823874,5.9802221118306855,5.943640306496491,49.26694191383964,5.481661079733495,5.419007389672744,8.529432909135018,64172,57915
2025-07-12 12:49:00,88000,3112.6010366675,87423,246,86547,1192.7643909894891,5.451020932684402,7.244809692472534,49.26274121992881,7.1181430482196175,5.959047217354653,8.540859542789281,83034,73119
2025-07-12 16:35:00,73100,3024.0855979045646,72270,244,71705,1200.0,5.013540859454397,5.383264199055448,37.12021463721614,6.264722408699459,5.778579894465021,8.511067215949359,68059,61278
2025-07-12 20:12:00,62200,3094.9569247622476,61397,246,60636,1197.21823432564,4.565499787461239,6.032775886419664,61.66520309578859,6.2656753170793005,5.5551797828744,8.597461867644288,58895,51828
2025-07-13 16:59:00,77100,3379.5158314568143,76194,247,75535,1196.9060650735241,4.675999973531044,6.134012207127709,48.59895780175561,6.7400902095914486,6.206864054573457,8.414742627033421,73282,66310
2025-07-14 07:10:00,65200,3359.644780414958,64404,241,63805,1196.628819814661,4.314139889067979,6.613420500360409,46.343559304122564,6.775509182402215,5.230455683788608,8.010815675204661,61803,55724
2025-07-14 10:05:00,57200,3280.2510515039053,56362,241,55907,1200.0,5.479284470863842,4.999305388628212,39.83701328590354,6.733587778041321,3.8942958830918775,8.398570123819242,53532,48076
2025-07-14 14:21:00,84000,3460.825956548748,83011,247,82156,1200.0,5.162368316050116,5.9385375013030135,44.18605900243482,7.402189226563847,4.6450269353898985,8.53433697895305,79572,71411
2025-07-14 18:13:00,55400,3255.117079822187,55093,244,54500,1196.2131103348668,4.894322827928693,7.203078979752359,59.75102305419632,5.962513022559556,4.6912901747928295,8.643791810718874,52408,47431
2025-07-15 07:53:00,73000,3080.569570884992,72614,244,72393,1192.9228725001522,5.30599601039145,5.642518415160185,44.497941689556185,6.919471085711046,4.47285792251243,8.654150658029808,69055,62419
2025-07-15 08:50:00,65900,3066.402470738878,65515,241,64879,1191.7590745353702,4.974922273846973,6.223824640431907,34.508866177971065,6.019422574291535,4.707061726514644,7.902437467884537,62639,56177
2025-07-15 10:17:00,65500,3201.6154729641557,65151,246,64786,1195.2672475145407,4.998099100336818,7.053295233426205,51.64896244787328,6.837093453912509,4.838785780066655,8.336174006879373,62018,56487
2025-07-15 11:25:00,87600,3190.8819391396823,86903,245,86282,1198.6997196936325,4.821731664200061,5.0857394488268515,52.99623921870829,6.309609013763782,5.391867155258419,8.447459652090702,83798,76413
2025-07-15 15:02:00,76700,3092.2627410282635,75615,246,75008,1200.0,6.078330897732287,6.005610423350426,55.476997134893566,3.719442038451951,4.907213370673031,8.421599421599126,72356,64122
2025-07-15 16:44:00,60600,3132.5599414841627,60132,244,59170,1194.5520675887847,5.068112505324024,4.7846227609073875,30.241679881794056,6.715056325126157,5.009158322602685,8.629887132178528,57655,51753
2025-07-16 11:11:00,80700,3054.4765191122333,79687,246,79014,1197.8847374342927,6.001857016034355,6.231046339838937,64.13984245828017,5.2751535316399725,3.919506399352278,9.005081683379652,76530,68491
2025-07-16 13:51:00,77000,3192.474722932699,76322,244,75892,1195.7126936413138,5.821991794623311,7.95950448421398,55.89890332446845,6.811867667948422,4.171191323945891,8.546339636844776,73467,66335
2025-07-16 17:11:00,87200,3327.3211887928496,86236,244,85675,1198.586926405376,5.9815130816442,5.741147381799889,39.78870807812857,4.438590938514416,5.575948398467184,8.491941755395594,82336,73470
2025-07-18 06:36:00,63800,3277.980795342686,63228,247,62848,1192.665499771169,4.85247249740048,7.085845337944665,39.99734114721399,5.31958828022635,3.627900897073226,8.488219552658105,60382,54821
2025-07-18 11:38:00,84000,3009.4816499127446,83079,246,82554,1194.6442980136396,3.6899298879750995,4.597286278249713,62.045664359254616,6.050247150324091,5.205614149954583,8.51629535170539,79428,71866
2025-07-18 11:58:00,58700,3357.1805610899,58008,246,57197,1197.376276097286,4.801682374775467,6.371844562311015,61.255659228330586,5.198859906142573,4.644530825804403,8.650339561044262,54558,48580
2025-07-18 13:17:00,84600,3129.3321604980592,84113,246,83249,1191.7180141855008,4.866799166701097,4.537645104041067,38.033772528954266,4.894863526503926,5.195235766287881,8.423246818430734,80917,73557
2025-07-19 14:22:00,73100,3238.1170453835553,72619,244,71833,1193.0418374726653,5.27177392508459,5.722016397951585,56.181126834081326,6.052537449332935,5.6949250271326814,8.468960301142216,69304,62484
2025-07-19 19:03:00,71200,3261.1438794829514,70564,245,69953,1196.9385759377255,4.6379192563381055,6.700971794707345,45.83003683352991,4.814214721492937,5.36133826442554,8.40695277553131,67144,60754
2025-07-19 19:28:00,59500,3313.402601003523,59037,247,58249,1196.3696006761077,4.334871246497673,6.053774528998326,65.84737199785691,4.378938078479138,3.8921534052407996,8.39390084011429,55756,49468
2025-07-20 09:52:00,65800,3230.710734207017,65393,244,65038,1199.1001622237607,4.437684500670191,6.509805191082697,46.947138840446726,5.590132829737105,4.053238870370407,8.416119399438493,63263,56859
2025-07-20 10:30:00,80000,3182.543566021169,79563,244,78827,1200.0,4.738507443884217,5.728002409120213,45.78858978222489,4.581593804010406,4.954524595694986,8.781575142899747,75471,68601
2025-07-20 14:17:00,60600,3120.8272338585916,60070,241,59409,1196.2326576625667,4.366239025532006,5.48925647719432,48.11813740609895,6.085675290364343,4.484037287923515,8.325431478965463,57590,52395
2025-07-20 18:16:00,71600,3241.1837645396286,71226,241,70766,1199.1597827599062,5.616815079220338,5.377615026416971,51.339505322807305,5.250434921230093,6.5263005670242835,8.552933592045948,68457,61868
2025-07-20 18:42:00,87100,3122.2402199717985,86220,244,85717,1194.220738721347,3.907056762652771,4.972071066761397,48.742595064970466,7.491638009324674,6.1718298759848835,8.38151937634196,83127,74850
2025-07-21 13:24:00,56500,3355.4821736967574,56203,245,55589,1196.0518020428885,5.881823141405149,6.040857040691925,54.03100494113228,7.246895466251611,6.7405748258760925,8.54845963727121,53520,48388
2025-07-22 06:21:00,78600,3401.6982764832037,78183,244,77539,1194.8821170782226,5.36643643580075,4.735928697987778,43.26460764512154,6.47442807250837,5.23608593831977,8.541152714211567,74056,66146
2025-07-22 09:39:00,82300,3021.2906127227084,81205,246,80766,1197.6409116273835,5.458518520824377,6.620666362907704,63.68925388985106,7.22792239119721,5.447884627813038,8.59049335287734,78157,70987
2025-07-22 13:37:00,78400,3369.1535327691454,77464,246,76943,1192.336072125925,5.835160063309029,6.041931725781987,48.593971637070176,6.325596903533456,5.117924284586731,8.551413922186152,73842,66758
2025-07-22 14:20:00,62000,3272.6955727800564,61130,244,60723,1195.7538862511747,5.335801096674508,6.581060313148062,56.38512086104504,7.5827171747436335,6.120864425598333,8.373592070497448,58248,52317
2025-07-22 14:44:00,57600,3162.5715952718856,56747,245,56252,1195.6308262652876,6.1646882207473945,4.904410268476086,42.449851918380496,5.855633589903665,5.861692752401419,8.689050224447936,53815,48662
2025-07-22 19:16:00,76900,3077.710488984347,76040,245,75681,1188.2180404797496,4.426049579562308,6.002942844798098,42.90686708633468,7.197277442583966,4.525350908452318,8.368217820401162,72235,64445
2025-07-23 08:06:00,76700,3381.7579105362943,76294,246,75419,1197.4845559739763,3.8584252758356046,4.008599879663504,50.033961670014904,6.923733824562895,4.0086428697139285,8.376923515987626,72780,66490
2025-07-23 10:24:00,80200,3103.3913660387575,79504,241,77914,1200.0,3.819190519410257,5.450256315520248,53.157593128139126,6.4110991444613665,4.617565085802626,8.540564256954932,75409,67883
2025-07-25 12:11:00,71100,3211.090006348374,70250,244,69608,1200.0,5.003428314972674,6.745173442092866,54.28016103732897,6.281659565997129,5.048338200099007,8.575522262114784,67965,61595
2025-07-25 14:54:00,86700,2936.3895139503907,85940,241,85255,1198.5028979116285,5.523690792456087,6.360028848734699,57.76359062457912,6.247753463414015,5.187832850460569,8.5490479051166,81802,72157
2025-07-25 15:01:00,69200,3128.933414364546,68541,245,68248,1200.0,3.9228604992763114,6.408999343008416,43.623489959559734,4.532565256157957,4.823028272129648,8.404134331465656,66231,59459
2025-07-26 06:55:00,87800,3219.8389696847617,87033,246,86392,1200.0,5.111122573478915,7.669081019380985,60.84655507727658,5.226683647400233,5.00808079353149,8.559751954833189,83105,75960
2025-07-26 07:48:00,74900,3428.559675722203,73803,247,73059,1195.1252224538255,4.95882282737266,6.330060087172289,47.51147163907941,5.132961656304589,5.974855905460229,8.473455778576714,70229,62891
2025-07-26 12:33:00,71800,3173.3982221200554,71008,241,70252,1198.7228513977443,4.987671509265177,4.146784516333992,50.31715529266735,7.283480728269899,5.308923274098017,8.573915172423742,68618,61262
2025-07-26 16:11:00,68800,3173.3006823576475,68026,246,67507,1196.8142383522786,4.685441430672666,6.910095174763084,53.72242338381119,5.843989003608061,4.702244810311851,8.446228912847104,65659,58809
2025-07-27 06:11:00,57100,3112.622019024765,56372,244,55880,1198.5788744485321,5.160778204102053,4.494632944874879,49.850520517190816,6.333764219654634,4.590279781132882,8.760027287226144,54007,48434
2025-07-27 12:00:00,80400,3304.711230048874,79330,246,79015,1200.0,4.415466018678017,6.090741484016339,58.34420495996211,7.185011893836954,4.541590287823029,8.391755378911098,76214,68710
2025-07-27 19:52:00,83000,3316.9209884880374,82334,244,81660,1197.2977062942682,4.6590760614196105,7.666754426834279,25.0,6.438457073866442,5.501566146613447,8.444412852738653,78191,70019
2025-07-27 20:35:00,70700,3057.6866647721317,70155,246,69828,1192.6250338691293,3.595551325149531,6.748913188577656,55.19525186964425,6.725248750797593,5.604722628130872,8.457541136148503,67194,60146
2025-07-28 06:23:00,86300,3143.372222983148,85499,247,85016,1200.0,5.2735891464753575,6.269915255539925,47.05131321804005,5.351037062155257,5.777003995663106,8.569613462852892,82039,73261
2025-07-29 13:48:00,68600,3210.8869442701744,68196,246,67563,1195.8723649407777,5.158784872205766,5.680848725722751,43.904679352854245,6.019756913632872,5.494399597252796,8.478120990573204,64755,57760
2025-07-29 13:56:00,56000,3017.74713658567,55508,244,55169,1190.8350061657752,4.62765867607797,5.425028304729347,37.30189311781668,5.879286125540929,4.471667622488339,8.404342581333152,53356,48377
2025-07-29 16:26:00,81800,3151.722130817841,80685,245,80161,1193.5479963192975,5.4951509977638375,7.034032804593004,47.54921490079558,5.487702385656748,5.131429593967652,8.475646213624936,77426,69786
2025-07-29 16:52:00,59500,3105.454939365851,59139,241,58765,1195.1050222487668,4.355446818880864,5.177207751834916,68.34274375974336,5.601625864039639,4.053715816001446,8.399755566150532,56548,50955
2025-07-29 21:12:00,82300,3139.833037443678,81655,246,80851,1195.806835199531,5.049187401850651,5.917176588656453,60.30962182928791,4.661985242073872,4.206582501892901,8.609250149446419,78280,70164
2025-07-30 08:07:00,69900,2998.87503734512,68904,245,68134,1200.0,5.426071509984288,7.344315298250075,53.50126489973477,6.320141154488028,5.659837632080709,8.34428227503631,65834,60159
2025-07-30 15:56:00,73300,3181.166992222875,72811,244,72136,1200.0,5.806702204876598,7.179141471344588,58.17689140132625,4.120324951044098,5.220418066240994,8.323176880799494,69301,63145
2025-07-31 07:32:00,62500,3399.2472613921736,61645,241,61218,1199.0985463424715,5.492628444221449,5.965186295226079,46.53274051171691,4.362610021950613,3.680077071607337,8.566583943010349,59098,54038
2025-07-31 11:38:00,86900,2991.7903768606498,86247,245,85093,1200.0,5.277451742216701,6.1627961396935715,39.38622636892725,6.492274818108584,4.756868244903824,8.439807193927459,81087,73429
2025-07-31 18:04:00,83800,2800.0,82692,245,82339,1198.649368926918,5.223614258841289,6.934919309794652,36.84707522401438,6.378958512987528,3.7736064692443483,8.366894821375995,78348,70964
2025-08-01 07:57:00,55300,3081.307292855003,54515,244,53939,1195.1286604072727,4.500082835073307,7.092118645033002,69.41996987632072,5.3707046988492335,4.242078910980146,8.545534912408304,51577,46264
2025-08-01 17:08:00,71900,3479.427894491227,71411,241,70818,1200.0,4.345793509775784,5.9951933599884075,51.631854624102424,6.023139579962141,4.4678542066803075,8.347779327735697,68417,62101
2025-08-02 09:42:00,61100,3184.623759124009,60205,241,59842,1199.874179273698,5.72480167274089,4.966161079527367,38.57055441654909,5.944284207425245,6.580745389732583,8.501566395537665,57540,52741
2025-08-02 12:06:00,84600,3251.9562054242683,83494,246,82791,1200.0,4.867747401615471,8.266499419608227,50.96295864944203,5.721718982030428,4.899743290520454,9.158718722702934,80195,71556
2025-08-02 21:51:00,78100,3092.078786322224,77392,245,76384,1200.0,4.782324591792686,5.790338223849478,45.57737712893665,5.490615038530946,3.349480214412128,8.4862071155997,73077,67231
2025-08-03 08:39:00,65800,3225.6821274291215,65218,246,64911,1192.3688050314083,4.614743063081769,6.39102390001952,36.10204234099427,5.030420524050985,3.978753367005799,8.41507207991137,62861,56090
2025-08-03 08:48:00,73900,3215.54964139102,72876,245,72688,1200.0,5.203205994974045,5.81203492022765,52.52789299344684,5.650104476639268,4.40405592289385,8.526811553889507,70433,64334
2025-08-03 09:12:00,74400,3347.7389678022737,73964,241,73367,1198.3672360220776,4.6069814296612215,7.442624167425889,45.45405455425031,5.255382494961148,5.459087538189552,8.707088963832765,71307,63650
2025-08-03 16:15:00,75800,3102.3711281562228,74712,241,74283,1194.3633260683648,5.282243033068577,5.501917153698389,52.152097840051866,6.529189707595879,4.515194029968948,8.439277536056402,70661,64021
2025-08-03 21:23:00,61300,3472.1318364360654,60537,247,60288,1199.9943917009903,6.008568026708588,6.865777910838166,60.9345206331124,5.1942399626435165,4.156520128674068,8.386840487855755,57820,52219
2025-08-04 17:27:00,59000,3440.1531467700306,58462,246,57783,1198.1818782380597,5.141618144060514,6.038514905047016,70.51063315036176,6.033189079439921,4.186349685269181,8.349826710783464,55680,49173
2025-08-04 19:08:00,76500,3295.8660459871053,75901,247,75053,1199.3504411560086,4.714776671115686,7.180966586867671,41.254445713640244,5.7059057049739605,6.033457201940957,8.728761482625835,72444,65238
2025-08-04 20:31:00,72200,3122.2083704392676,71732,244,71173,1197.1648482943654,5.12627753973692,6.066254174628021,47.97060208158171,4.584344540961691,4.566464228095188,8.633129667285896,69117,61571
2025-08-05 14:50:00,82500,3157.018570983496,81770,246,80812,1199.5757338413525,5.594811040328288,4.214536706968453,63.45734699437163,3.9079130866124006,5.4362956242430664,8.65849987052487,77665,70771
2025-08-06 07:54:00,75800,3141.877448547121,75218,245,74919,1199.1143154958781,5.583470441234483,6.241600332009207,41.869002550714534,6.7022402056380015,6.2799395093023165,8.367716276601541,73162,65874
2025-08-07 12:12:00,71000,3098.980895918623,70157,247,69323,1199.4773054094483,6.126061581046927,4.963218950454399,68.38261614148836,6.112675709683801,4.336844662806451,8.364118727625044,66938,60025
2025-08-07 16:33:00,64400,3247.3966370974194,64076,245,63385,1192.2647252354068,4.714682392672314,5.1127189745349035,42.69128745225501,6.0008056088716115,4.375845717185955,8.553733468307307,60514,54574
2025-08-07 17:39:00,56000,3359.0063002090988,55446,245,55028,1192.6407203915294,4.964133147647984,5.5477470627539685,61.83445083967453,5.142835046886523,5.635549187398913,8.547539492136387,53338,48219
2025-08-07 21:08:00,64500,3066.1752978786217,63533,246,63042,1199.7415784529712,5.423118723176876,6.272960391189277,48.30278490314252,6.5627342877493025,5.3753295665328595,8.455706249755787,60799,54535
2025-08-08 12:38:00,74700,3133.7665398612303,73824,246,73327,1194.7718837116988,5.776249414173219,5.312446624198918,49.85120790734415,6.833666227286406,5.481793344234359,8.470837585360268,70761,63974
2025-08-08 17:15:00,80500,3188.1217124293653,79848,245,79112,1199.5246333181838,5.037435018117334,6.789248902814008,52.815001897548285,5.769335021617374,7.296595219321119,8.557792713917717,75946,69629
2025-08-08 18:42:00,74500,3016.736393823864,73523,246,72609,1197.8778350724697,4.656619491090059,6.37781831707482,52.60930430545983,6.022424384330638,4.642471340318954,8.682394723442815,69908,62918
2025-08-08 20:26:00,56200,3487.4794039210547,55665,247,55376,1192.2453283857058,5.593964939560539,4.3727342316714335,55.755373286762335,6.337783787008912,5.913631517149678,8.27218451624541,53882,48760
2025-08-09 10:13:00,75700,3198.1194115079716,74567,244,73764,1197.0047545282544,4.931136071997052,4.789558891541745,56.98270047881214,7.612680658881709,4.30945834394694,8.678176532622945,71483,65600
2025-08-09 13:12:00,77400,3500.074067624431,76974,241,76781,1196.4866570280017,5.1527874286026165,6.070850798386204,46.62195815312601,5.354481982540399,4.901513054301026,8.582429599491794,74795,67314
2025-08-09 20:23:00,65000,3306.1125673746296,64285,244,63984,1195.1102321479957,6.021522644231096,6.834821127316541,48.45206819156174,5.909618189769733,3.267259007708663,8.128877107671116,61925,54678
2025-08-10 06:32:00,84600,3449.926803423436,83534,244,82627,1195.5410613216234,5.676817000173253,6.6979024426440334,28.68594785952866,6.982412027264376,4.787990932104866,8.42146674820392,80174,72481
2025-08-10 07:14:00,55300,2800.0,54865,244,54627,1197.9841146054196,5.29726608294895,6.574516623000593,59.86945838567056,6.151742183888161,4.228025161153547,8.733710538516634,52871,47922
2025-08-10 12:24:00,55900,3332.5516790231745,55582,244,55168,1195.1824257536177,5.545004274211255,6.048434500584725,49.44201612977821,6.042344777164032,5.568060894754373,8.686355228560354,53518,48356
2025-08-10 14:00:00,72200,3205.948528453218,71622,241,71119,1200.0,4.179687474962924,5.382815703824422,39.682851787178166,5.196589318727916,4.621417880575846,8.60056205706351,67814,60920
2025-08-10 15:49:00,69100,3234.685652156273,68099,244,67288,1200.0,5.240360985043781,6.5915003476520795,46.609176829496505,5.8566829238300535,3.7789952077211266,8.473954175598244,64820,58554
2025-08-11 07:21:00,75500,3105.8549937470575,75103,244,74770,1196.7788988394402,4.799282552813919,4.98747884604491,52.58056029525972,6.246362968885838,6.168845171890705,8.355490857906336,71860,64887
2025-08-11 10:00:00,71900,3323.3541823821333,71146,246,70344,1200.0,4.157173636936022,6.33224104915802,59.23386165823618,5.821072949042337,5.467623143444922,8.717745440945796,67600,60859
2025-08-11 20:32:00,57200,3276.2471832986294,56446,247,55809,1200.0,4.598673079809453,6.949834930467606,48.11829132637753,6.61874514592449,4.057398861609,8.564738390296371,53410,48836
2025-08-12 11:52:00,72800,3432.577141337149,71708,246,70844,1200.0,5.290026306051839,5.9213442785126515,55.71536532713296,5.5160860121086,5.594511082330212,8.636149244909163,68242,61256
2025-08-12 18:32:00,59400,3091.0805419933454,59060,245,58192,1200.0,3.6929540218791748,6.317525097966161,53.47054373409663,7.356009353318982,4.700293667656461,8.611318316647012,56424,50554
2025-08-12 21:48:00,59500,3119.7407526156244,59152,247,58805,1200.0,6.295146647522458,3.867789149493963,48.55555251477781,5.009930651019402,4.237651052086819,8.358579487384917,56312,50307
2025-08-13 19:50:00,56900,3169.7276441950453,56564,244,56125,1197.745691627791,4.332599578602791,7.113218712652891,42.68085552005131,7.726663133233247,5.395330899625894,8.492736200810759,54223,48355
2025-08-13 21:53:00,60100,3469.213943496312,59747,247,59197,1200.0,4.376408116546889,4.566327914288518,39.11337266982191,6.15186406153788,4.519485377965113,8.584401619271762,57282,51480
2025-08-14 11:46:00,78600,3377.260264745014,77877,247,77180,1193.4479862171104,6.225291490761865,6.07682711106405,59.17939043551333,6.319819622484225,5.358958284199552,8.574283438115842,75125,66279
2025-08-14 13:02:00,86800,3121.6440786776975,86294,247,85932,1199.1322554030205,4.536288923019702,6.27298486955862,53.068454050769176,5.8968204941233635,4.425584065159346,8.46546287157624,83383,75876
2025-08-14 19:57:00,72100,2800.0,71639,241,71086,1197.10214463558,4.382996580424872,5.416126620681671,48.152163985886894,4.353954484207113,4.945645151342596,8.62778110588142,68672,61123
2025-08-15 13:35:00,69500,3195.7415341963115,68908,246,67950,1197.3896860961254,4.585397740163758,5.180699214166266,42.21401597991749,8.069738706030947,5.136511422674225,8.594293978280009,65775,59168
2025-08-15 13:59:00,82000,3112.0639953370114,81101,244,80928,1196.9639419268528,5.391022961742298,6.516868622833098,64.88358760325302,5.1180811131772,5.075378695490195,8.301472667095267,78682,71122
2025-08-15 19:41:00,66100,3198.091425218868,65669,244,65153,1198.4231452851836,4.224684417431244,6.183093948843383,41.617678244341946,6.566936267700487,3.927351854769457,8.371464935803184,62839,56298
2025-08-15 20:58:00,75500,3377.6858637990617,74481,244,74067,1196.8375301504575,4.925178348800905,5.669891134307155,35.12782521305979,5.34509112137382,4.907842574675209,8.612310471828108,72328,65832
2025-08-16 09:53:00,85700,3333.0839086153546,84695,246,84161,1194.5160571274564,4.907025651778575,5.132669689297636,42.16546630007305,6.494847308987239,5.110927003546703,8.556218763025338,81426,74752
2025-08-17 06:31:00,62800,3363.3073591333755,62115,241,61361,1198.2356369969837,4.189554117689299,4.5754039158787405,48.015087803098126,4.13922791387208,4.434817870631209,8.590955077921748,59058,53274
2025-08-17 09:06:00,57600,3422.1462047725913,57126,241,56625,1195.855772071586,4.630043426464807,7.523564670061674,55.90913469388735,6.209898207002256,3.8904007429947374,8.524046553064897,54346,49369
2025-08-17 11:13:00,59500,3092.759984106663,58682,247,58238,1200.0,5.005540073216798,5.987214027715354,52.667124253883806,7.725552337786392,4.992704009226924,8.452768968577132,56425,51070
2025-08-17 11:15:00,67700,3345.6157317844745,67350,246,66761,1196.8120400284574,5.335144083533036,7.894551238468393,39.66530324827768,5.9964206729036365,5.631299266204185,8.501816901256179,64081,58122
2025-08-17 15:02:00,65000,3331.474167073811,64082,246,63272,1200.0,4.992513665666863,5.9380419520934415,47.619660361902845,5.193402190664507,5.146040971873362,8.416751860697834,60777,53842
2025-08-17 16:04:00,74000,3064.3248315095243,73166,241,72476,1191.2601653880683,4.883021656543888,6.483718159252437,43.27830613178051,5.949845566759698,3.7943087023667292,8.619352119904205,69705,62835
2025-08-18 12:21:00,68800,2936.310796542788,68454,245,67811,1197.6504553987877,4.864202678802948,6.622658428808309,61.434478257130166,4.675185857677687,5.759431883247707,8.622032059144152,65097,58503
2025-08-18 12:56:00,59000,3283.0435575610027,58339,244,57450,1198.7918180715405,3.8907324176813365,7.511674625772088,51.47059772456385,4.878642682084869,4.590967471411623,8.695291279439083,55341,50348
2025-08-19 07:54:00,76400,3197.243574316811,75715,245,75037,1192.4251883521333,5.4193514932693025,6.924774573077332,37.76858204605453,4.057736007793622,3.8311565474907168,8.532220537030538,71863,66114
2025-08-19 14:33:00,78700,3265.0729210585787,78207,241,77755,1199.3095862878693,5.489468016056639,5.165320085829055,46.19579489857455,5.529455124251875,4.5382755437447,8.698335261826223,74952,68037
2025-08-19 17:57:00,64200,3275.4820356419345,63687,241,62981,1197.827383401838,5.528671967087215,3.611727091448707,48.601202974808224,5.990635489903632,4.646779654267009,8.44022491008656,60888,55878
2025-08-20 06:11:00,75400,3455.3934213216503,74809,245,74086,1188.8203552069206,4.595168931220821,6.691196258129764,63.521326286951975,4.8139204163527305,4.548819337494247,8.471849525397626,71255,62813
2025-08-20 18:14:00,58800,3409.4729423501085,58434,246,57881,1199.2197504861597,4.907045058287033,6.259097733746617,63.76079723326735,5.864979027186623,4.605016729957222,8.495172532471576,56259,50721
2025-08-21 06:42:00,75700,3160.2691165861097,75177,246,74760,1198.8189794670952,4.964432350495592,5.8602482325672325,67.64404642964266,5.8445072966511455,4.683006425395306,8.51324503915833,72065,64749
2025-08-22 08:54:00,84300,3269.214321166614,83065,247,82648,1198.0421209922563,5.00205104447477,5.3872815935718465,53.431748675765945,6.706778797756768,4.548419735304314,7.815079112547174,80792,72583
2025-08-22 13:38:00,78400,3300.511023877567,77741,246,77089,1191.3225809224778,5.020056947177812,7.892518938733897,40.10199615337616,3.939871699687429,3.129420784494588,8.448809701484388,73691,65932
2025-08-22 17:00:00,82600,3075.1693598110937,81443,247,80355,1197.0020421238155,5.324466927743931,5.48731953343161,42.45993883181651,5.9160362874129255,4.498108676665327,8.4395152099158,77404,68982
2025-08-23 19:28:00,81900,3160.1144513755726,80928,247,80720,1200.0,4.594666939719113,6.123956418212376,36.68439610690424,6.905063609394803,4.861711901115011,8.592253333256128,78248,70539
2025-08-23 19:33:00,59600,3044.810792364141,58843,246,58669,1195.5232971973269,5.0569102752770965,4.157132190143905,60.84769056783858,6.936543724564612,6.171819507769793,8.679887595580608,56594,50278
2025-08-24 08:40:00,79200,3160.7053847254856,78675,241,77918,1196.1019111928163,5.338805649097804,5.9335822781187115,45.58267801427671,4.565878410906028,4.35420959431026,8.754959315202958,75483,67413
2025-08-24 13:07:00,73900,3394.1131808505406,73440,241,73063,1200.0,5.142635498102113,5.299394877916964,63.73854895043916,6.241861987906151,5.158427323103234,8.591220463965564,71277,63945
2025-08-25 07:41:00,87600,2970.234007140993,87148,241,86103,1199.5695289260407,5.64860157462986,6.67006225635915,39.08356593765548,5.723602702712971,5.023079526891373,8.625992960201529,84439,75044
2025-08-26 10:57:00,87900,3155.742109463959,87006,244,86477,1198.1987309238245,4.396023187572644,6.587778939337211,54.84613561497987,5.851335090408473,4.345447720679749,8.546921140796027,84011,74967
2025-08-26 15:40:00,71800,3282.2709546734,71184,245,70722,1200.0,4.669732830977459,4.927072923014251,49.72909433530701,6.0912260969408205,6.49891288721998,8.522711118820482,68782,63279
2025-08-27 11:13:00,79000,3405.7721384341085,78439,241,77439,1200.0,4.0128012010147085,5.588456742872979,53.720329394580816,4.976691496018241,5.895243624722135,8.566421103247256,74708,68166
2025-08-27 13:26:00,87800,3288.31231056206,86852,246,86110,1198.444195555117,5.137938131805214,4.885563294362397,48.92946963723321,6.4380953438954664,4.868814717129056,8.735223968543032,83502,73482
2025-08-28 09:28:00,66600,3318.984823319957,65641,246,64711,1197.71453175218,5.369450755392787,7.28317770994801,50.655552199524266,5.998221601691758,5.623587403384208,8.405390807777003,62730,56943
2025-08-29 16:07:00,86300,3278.127373717333,85108,246,84372,1198.9090472109283,5.370513429949594,5.962450055419177,52.19554495471072,6.64353561039799,5.155474172123389,8.346198077403344,82022,73122
2025-08-30 10:15:00,68200,3219.306437995664,67452,245,66821,1194.091904227245,5.1758197292532095,6.98749025168037,51.25288065619927,6.220659725800433,5.966622506363307,8.584804545296375,64134,57307
2025-08-30 15:48:00,75400,3335.042840806456,74854,246,74321,1194.3036621093042,4.348811691742264,4.949797414198995,40.778062530598504,7.401510399058667,4.800759637858355,8.483938690736279,71862,64173
2025-08-31 12:08:00,68700,3098.170637999989,68340,246,67817,1195.9366599373368,5.8213964103877345,7.080532763465551,59.56142140938391,7.137719719478524,5.056668595026287,8.347404289129383,65412,58702
2025-08-31 16:38:00,82100,3244.5630220732533,81607,241,81339,1196.333241253161,4.679719294323937,7.000877534658727,39.542662250587824,5.253382743223026,5.493436666863275,9.127165914896601,78749,70635
2025-09-01 08:14:00,77800,3474.8767034537104,77317,247,77164,1199.232467858622,4.837853633042587,8.61248228437275,38.451003443867364,7.743729438523843,3.517123384002428,8.621028214137619,74097,67520
2025-09-01 10:01:00,73100,3228.1440747176403,72434,247,71932,1200.0,4.797951754415001,6.814627780747342,44.14410207846185,5.570683175371548,4.96162815270934,8.453824245253541,70265,63011
2025-09-02 15:20:00,80400,3159.815041451922,79262,245,78590,1199.2965006290024,5.372603080834831,7.446152085031088,36.777488941141016,6.3599680931039995,4.694594749149193,8.622752390417885,76107,69588
2025-09-02 15:54:00,76600,3292.6375079387335,76060,245,75509,1194.8300066575157,5.349680936112249,7.639860058200625,61.52820630946586,6.660647551130599,4.650340728223815,8.380905015629017,73109,66357
2025-09-03 07:47:00,82300,3227.660527450002,81275,246,80802,1197.3365138033296,5.253609055869935,5.87774804255679,52.81512770247543,4.421873439022292,4.195673149574892,8.350279253707267,77344,69334
2025-09-03 10:18:00,76100,3089.1925666383445,75609,245,75097,1195.5977273338865,5.751560509558485,6.2656851025211715,59.52376666508151,5.022319558765761,6.073146801254009,8.476196101145083,72633,64632
2025-09-03 11:08:00,77900,3137.8754473692247,77158,247,76422,1198.787374449135,5.454003480988166,5.146406907791143,56.33495367809341,5.971669699748589,6.446395220257529,8.33649746376687,72686,65924
2025-09-03 18:03:00,57800,3330.2068788028596,57487,241,56861,1196.734841323024,5.125216394251254,5.34080362178488,25.55828645777615,6.507939254047601,5.409284179969142,8.409327539591485,55116,49643
2025-09-04 06:17:00,79300,3119.7356518642946,78164,244,77818,1200.0,4.2995715879501315,5.6318539384325135,37.55752018554356,6.7272112300884785,4.756218256957777,8.412580714969215,75153,67177
2025-09-04 12:06:00,85000,3038.2413607279436,83890,244,83181,1200.0,4.682017388760963,4.190685727885872,57.56655557932565,7.415338123939335,5.9905282116958,8.280894223574604,79588,71643
2025-09-04 20:24:00,73500,3273.2841318770966,72854,246,72146,1200.0,4.31963411274495,6.855722195490669,75.44790758354696,4.833074239994373,7.240240643347272,8.567315416538822,70555,63448
2025-09-05 16:40:00,62600,3110.003539445105,62207,247,61776,1196.3158960775088,5.511173451883295,5.604696363624825,57.75547113331465,7.202245588033514,5.326654667745152,8.651633570845101,59651,52493
2025-09-06 09:04:00,71200,3355.7847451201437,70263,245,69482,1192.079045158236,5.982867520298154,6.092371206269227,48.308138341984325,6.625146577100844,5.646393810087006,9.111077595344696,66860,60677
2025-09-06 14:24:00,76400,3023.267759620599,75940,247,75140,1192.0937178266424,5.845235108335976,3.812837624423573,52.24051579960835,6.341834935267158,4.229439600838407,8.507755240858598,72307,65294
2025-09-06 20:36:00,66200,3136.7908204387477,65557,241,65123,1200.0,5.236326967774481,4.918789308557117,32.59623588568474,5.209353279756885,5.822936459016833,8.39847081006094,63014,56324
2025-09-06 21:06:00,63700,3275.1586617971707,63041,245,62932,1195.2669314071052,4.888716421452013,6.276394654546157,60.307064194352165,6.817089998034634,5.302499361769477,8.441829692513533,61385,54401
2025-09-06 21:16:00,55200,3513.464849114968,54923,245,54456,1192.8650019148758,4.089450430705012,8.602625191013953,40.705404904493484,7.295188196344948,5.508660629806708,8.385307903483826,51705,47569
2025-09-06 21:56:00,68900,3112.162428761751,67966,246,67628,1196.9635149887472,4.677559599405646,5.500601043971766,65.01221208265571,5.005983507415658,4.671988358484072,8.563911098042063,65025,59096
2025-09-07 07:15:00,73900,3291.2147572772305,73277,241,72723,1195.7258717745617,6.49990298410575,4.034596845320337,53.19936560850062,5.995790472764841,6.467667712630683,8.553418365317162,70778,63356
2025-09-07 21:37:00,55000,3003.556119540013,54700,244,54534,1200.0,4.415825712339452,5.845344752119265,53.59323359277756,7.173388297486329,4.697338446443373,8.461070942624579,52069,46131
2025-09-07 21:45:00,88000,2983.279630842693,86755,241,86474,1192.515582909345,4.686123259321758,5.599859714406718,55.13854610734083,5.950133627558944,5.105481864937599,8.544725745368376,84123,75332
2025-09-08 06:02:00,74200,3263.597633293926,73091,247,72364,1193.2054725428377,5.5013161211157025,7.347732194355517,29.926757977250414,5.158201253518101,4.544172952795316,8.631847154216606,69494,63332
2025-09-08 15:24:00,81600,3206.0817674118107,81031,241,80261,1200.0,4.94880709861732,6.101329101063021,47.25033807533693,6.924074327785322,4.703676867924218,8.346690722577476,77518,71000
2025-09-08 20:26:00,70100,3165.4551392140183,69336,241,68909,1189.7223185316661,5.203933031925318,5.497785028252207,50.68667320093419,4.714092624725419,4.85399980311433,8.412571381274251,66761,61383
2025-09-08 21:32:00,56600,3195.5464110329053,56135,245,55247,1200.0,4.891755121772356,6.228695381720213,55.311936120737,6.954883288803603,5.264384758943379,8.687055243835685,54088,48031
2025-09-10 10:57:00,78300,3131.0621796692712,77893,241,77350,1192.3736472955634,5.284328501709982,6.9781910597566394,39.97537426558832,5.881623125350038,4.154922902596707,8.362287729755462,74921,66812
2025-09-10 11:12:00,87900,3341.5982751926676,86745,241,86153,1192.2533719791086,4.742180199700754,5.1065429693276085,47.36893445340783,5.3067861513869,4.298357688876795,8.594215952213506,83205,74973
2025-09-10 15:52:00,59200,3170.0914601493446,58684,245,58154,1200.0,6.22650078237084,5.189594296311227,46.16923583953566,6.015149427018677,5.534020487090531,8.49297398624503,56102,50136
2025-09-10 16:07:00,67800,3258.8537732595514,67155,247,66928,1200.0,4.684181637006236,5.843564069302686,41.740938406851335,6.713249181268087,5.4389033001020435,8.305057924000696,65074,58530
2025-09-10 20:10:00,58100,3152.735981823734,57712,241,57177,1188.763663665647,4.381448522901099,5.873861321895619,49.535547053483185,6.267818355014165,5.092277881986769,8.469321684134089,55051,50310
2025-09-11 09:10:00,84700,3248.613236509226,83491,244,82704,1200.0,5.508458456484868,6.331335529933645,54.32325399252843,6.070106109504526,5.065297409183259,8.448820430250686,79923,72117
2025-09-11 14:15:00,83500,3192.653598867424,82460,247,81906,1200.0,4.75697974074141,7.232257329235788,61.8305781149839,5.844101380538746,5.251488845864632,8.485282162331654,78452,70329
2025-09-11 18:30:00,72100,3252.6823181252366,71278,246,70194,1199.759965081521,5.1508310335840966,4.678763614565445,49.6785040298779,7.634045705948281,5.487405672206812,8.532602633743897,67565,60480
2025-09-11 19:59:00,81100,3331.9670398738776,80040,241,79382,1195.9518525474223,5.4398582453690425,5.038697718080819,65.3992242668939,7.443356213139698,4.556352211305653,8.25390305398237,77148,69302
2025-09-11 20:06:00,68300,3188.649251853352,67298,246,66842,1199.145014378136,4.503330851036172,6.876727830538837,46.780476767973965,5.767147099513629,5.135962786255502,8.522799279645655,64476,57805
2025-09-12 13:50:00,57400,2964.6960320449657,56777,245,56176,1197.962952294658,5.347293963043296,5.036026509672719,39.082147169051275,5.1944364134884164,3.6743398347630496,8.68864891842165,53998,48548
2025-09-12 17:25:00,55000,3102.4568074479726,54604,244,53850,1196.1909281936594,5.89081557404352,5.8265390135592225,34.289202876739964,4.636284076517899,4.796148664492452,8.619266597609617,52179,45918
2025-09-12 17:31:00,84900,3038.08412678453,83853,246,82679,1197.8803565644346,4.5511781775169275,6.5048769171297085,54.57823191871281,4.444457545090095,6.265028939841149,8.420388418056879,79089,71395
2025-09-12 18:11:00,62300,3139.0645130518105,61831,245,61266,1200.0,5.3040079939355715,5.647262236579985,54.69688267426747,6.787146544563225,3.987019188279527,8.473449149310639,59419,53130
2025-09-12 18:14:00,76300,3238.3816534331013,75233,245,74446,1184.9440723510909,4.9591353771837685,7.057527632165643,41.47143086232559,7.185082911450975,5.145805206645165,8.429545474915288,70946,64753
2025-09-12 19:55:00,66300,3233.7667648882416,65804,245,65153,1196.5606299728336,4.433342201930501,5.931490205624338,40.05735528906423,5.631418624022357,4.449308287434031,8.532081246091206,63266,57270
2025-09-13 09:55:00,57300,3220.5318784724177,56961,244,56693,1199.8356004874738,4.562298055527081,6.860742289142115,44.09193696464601,6.774352691462367,5.151008768040373,9.111786832013332,54833,48793
2025-09-15 07:03:00,66300,3296.874814275974,65885,247,65514,1194.119590381067,5.973166167316829,5.753593618125845,41.271066485685886,4.587160370097082,5.290286260768858,8.468168929003268,64300,57583
2025-09-15 08:08:00,87700,3539.613353624687,86665,246,85807,1191.359842308148,5.854895389188443,6.3289399783057085,42.41550771813591,6.323359069195157,6.1851029116977205,8.584518064929604,82632,73959
2025-09-15 10:12:00,79400,3142.6538837602097,78317,246,77591,1197.4154103634444,5.688568881245818,7.909637860425557,58.71243149429915,7.122215178148317,5.722666483799049,8.442800098877843,75353,67321
2025-09-16 11:14:00,60500,3317.8719509336106,59614,245,59187,1200.0,4.958257534361193,7.448698257328694,57.26066675098858,5.59058285005935,5.391184805865531,8.530248964963222,56896,51417
2025-09-16 17:28:00,58700,3068.0299459730227,57827,246,57601,1200.0,5.106018310373574,5.039881247178622,51.04282671031944,7.159807417836097,5.730267437034615,8.494329607976463,55163,49902
2025-09-16 18:47:00,86600,3169.8837758195305,85322,247,84762,1192.4760667708038,4.51445476542772,5.328640130393534,45.54138435507711,5.884805430433967,4.467990741888184,8.390328740279974,81544,75020
2025-09-17 17:17:00,66000,2940.936560958074,65647,241,65097,1200.0,4.518157549401094,5.837493838603417,68.24073787687182,6.790498589715566,4.569906993677741,8.516912924454063,63037,56867
2025-09-17 20:56:00,60100,3209.908621881322,59390,245,58841,1194.4591148611462,5.007522426817774,5.344657991604248,34.70928084925424,5.851225477554779,4.812342592951349,8.509499033954395,56686,52117
2025-09-18 09:13:00,60200,3247.0630122531547,59761,245,59641,1194.1380258324307,4.177717870175431,6.428095966705195,69.50521491191176,4.113313391771284,5.127663335453076,8.353331280700063,57593,52864
2025-09-18 10:25:00,63700,3061.9082573444066,63278,244,62628,1197.4079411894336,5.457488441025288,5.364033251222618,49.6207578260887,5.000880339074731,5.409964589880588,8.51011359130143,60130,54267
2025-09-18 19:32:00,83600,3473.826694113115,82722,247,82051,1199.3778159316075,5.075534752881118,4.441655021618556,55.089225813271284,6.539786733060457,5.96276034711209,8.252078762679549,79559,70217
2025-09-19 08:49:00,82400,3280.622801355391,81561,244,81313,1200.0,4.703036644197042,6.674913024256625,56.14115504544413,5.316137864721333,4.922793750159904,8.653567707777457,78290,70788
2025-09-19 13:06:00,57400,3284.656038255545,57091,244,56478,1189.2174525215162,5.388121862667994,5.177360445762534,57.57199048911946,5.008950216576827,6.054811873628971,8.257398309052572,54314,49004
2025-09-19 14:34:00,60100,3105.088123008994,59337,246,58733,1193.182611884185,4.4809266078468575,7.12352350877231,63.94333066406649,5.620271751607834,5.125859747876158,8.547029290262167,56950,50116
2025-09-20 16:23:00,58700,3303.6302179037425,58360,241,57733,1199.3521464742275,5.047908924867183,4.691927907954394,44.80141540216963,5.161096522801025,4.4163421946562575,8.541103770541662,55818,49771
2025-09-20 21:25:00,77100,3329.454641566132,76459,246,76001,1200.0,5.168760834163737,5.937879005512736,53.840887357938236,4.749356103411994,6.13019691191759,8.514555018128059,73367,66402
2025-09-21 07:15:00,80400,3495.123025192256,79289,245,78375,1199.5791718182047,5.643290346594741,5.916973793086152,51.3546401923533,4.906193372759864,6.255688167307443,8.580489802762965,75329,67470
2025-09-21 12:27:00,78900,2946.2820708510226,77800,245,77189,1197.7453753675086,4.732256937393844,6.763157429219233,51.061162656564456,6.395389075762975,5.484585505538189,8.54853373661165,74743,67104
2025-09-21 14:09:00,83600,3045.8005091764226,83022,245,82749,1200.0,4.155621250942997,3.4018396795838037,54.92253564151816,6.413958486300306,5.546792930262373,8.565411491762434,79630,71886
2025-09-21 21:42:00,71200,3178.468198523155,70446,246,69996,1200.0,5.098790735961276,5.038630440255411,51.41161087753859,4.39370405465412,6.1467990555072,8.639865351888,67318,60608
2025-09-22 11:09:00,55600,3383.9876934304675,55260,246,54588,1196.3603757403637,5.002517879720625,7.648719419503044,40.296954080023525,3.4826308368694106,4.267876894779549,8.327445463150841,52834,47485
2025-09-23 15:06:00,87000,3233.5344333109856,86119,245,85641,1200.0,5.952951272729187,6.450596144274394,34.43088326439282,5.470184319560909,4.701310340141324,8.364805117169052,82432,74073
2025-09-23 20:52:00,83300,3214.0425517266085,82074,245,81110,1198.1268664271051,4.447170831074224,4.9488044711643155,49.05254844012068,5.993091398728268,4.456295876562857,8.672308426923703,78438,70505
2025-09-23 21:53:00,84800,3336.7877986093936,84327,241,83615,1195.3608179857918,4.939637628661333,6.225883623188246,58.60384538971024,6.944255163490347,7.119483659997299,8.406249323794741,80771,71895
2025-09-24 09:47:00,80200,3059.905577176796,79163,244,78597,1193.9579588463755,4.449181221584083,5.0236561986061385,64.78314197432098,4.825931478267123,5.427597177617458,8.37989764730581,76431,68757
2025-09-24 15:37:00,68600,2880.0965761617917,67642,246,66883,1196.4327582973103,4.969525356467604,7.064086770159549,61.827594546464404,6.582627800232395,5.744125567963396,8.640538475810562,64169,58968
2025-09-24 17:14:00,68500,3467.4935548546496,67983,241,67251,1197.7750667288158,4.724044543152288,5.595114222772648,43.64045176270299,5.178009812224544,5.898211834734039,8.345779640076731,65194,57840
2025-09-24 18:28:00,77300,2974.7906387613793,76796,244,75982,1200.0,4.937681196638769,6.719158762217988,57.92744217439271,4.642270060666546,6.2146149874631815,8.513054985469815,73154,66385
2025-09-25 10:25:00,71400,3238.8877907000597,70869,247,70213,1198.760235473784,3.810657544672659,5.704858888238921,43.24399299202858,5.3457404566295885,4.914273238712453,8.53325843948916,67878,61471
2025-09-25 15:35:00,77100,3182.633620969434,76138,245,75256,1197.25804278129,4.5049123937269,7.524079829162089,62.17946425006829,5.94601419431939,4.684371008304919,8.398290556101434,72389,63702
2025-09-26 10:24:00,70100,2937.501904434251,69239,241,68787,1200.0,4.889441848030656,4.3848228503702815,42.571199165878376,6.895015347666677,5.3741236037568765,8.385064849815446,65818,60252
2025-09-26 15:09:00,77100,3422.7703859577637,75960,244,75557,1198.0643236815508,4.77374052331471,6.285888113748997,46.166100037988414,5.226852716671732,6.316849765968525,8.620861467430421,72499,65500
2025-09-26 19:24:00,83600,3120.551360212018,82562,241,81896,1200.0,4.318470693122293,6.430501841801493,34.18258292812289,4.034995443157149,4.382250252230765,8.444082598806444,79789,71733
2025-09-27 18:56:00,79800,3003.438699845384,79168,244,78257,1196.633714194952,4.16934366775109,5.457079431245768,46.48705842739241,6.046268817217384,5.220566904814813,8.563446515373485,75397,68228
2025-09-27 19:48:00,58300,3244.3295277727248,58007,244,57391,1191.5475998546588,5.375800652017641,5.8586740346320205,32.077131935038764,5.038872954136809,5.227552377733895,8.366414833638025,55794,49555
2025-09-28 14:13:00,75300,3002.685840259297,74478,241,73973,1196.3208906307696,5.219094076364231,7.141603036112469,61.926590646143936,6.184603314396911,4.374777813969588,8.768934807961125,70367,63804
2025-09-29 08:36:00,68700,3328.2540434847638,68129,245,67456,1196.8940104528801,4.73046400492718,7.6654494290176896,60.65080857830665,7.818400500554819,4.871516550391321,8.48369489257983,65133,58196
2025-09-29 11:58:00,87100,3176.8123876968057,86503,246,85553,1198.8124231009967,5.61894063991074,7.128979836871364,67.26078374690726,5.139948006854129,4.058729662100236,8.10444570656082,82735,73910
2025-09-29 13:24:00,87800,3271.2408926900284,86573,245,86113,1193.604514117445,4.68246606423974,5.550986413166772,71.02349046813805,4.174988167133484,5.595224199171572,8.543951927680626,84059,76018
2025-09-29 20:50:00,78200,3333.0652675704982,77326,244,76823,1192.925263773502,4.225484253562081,5.628787792211372,53.50603305828904,6.680398617008287,5.601151466796935,8.38948225378828,74342,67985
2025-09-30 11:25:00,69700,3244.2741599450183,68715,244,68126,1200.0,4.600996961631701,5.059371742862546,47.93822125428787,6.397584469885456,5.068318036227481,8.51948604947402,66106,59940
2025-09-30 15:53:00,86100,3305.775520212663,85141,241,84796,1200.0,5.137779843281856,6.316219185766671,49.863657425853724,6.410463647009568,4.905398701628314,8.666316654202625,81899,73204
2025-09-30 16:15:00,85000,3141.895079523228,84068,244,83593,1199.6794360227327,4.778378658085304,5.815709543412634,58.60201400334836,5.825941331126536,5.333520433840434,8.0814285867893,80549,72260
2025-09-30 17:47:00,77400,3120.6424433236843,76592,246,75972,1199.9995719145716,4.742094587237359,6.709863540164848,28.18794625051868,5.434363883182281,4.232390174823948,8.57189342901355,73259,66409
2025-10-01 10:20:00,55000,3195.981678926746,54351,241,54092,1196.880359154393,5.110075698411486,7.304979611743456,45.65735811383341,3.89706064293191,5.559524821700638,8.428447530259925,51869,46653
2025-10-01 10:37:00,70000,3398.1859710515546,69290,244,68628,1199.559200477506,4.558923480226307,5.277944208241502,48.87483646958699,4.85450006190403,5.749020231836745,8.642131211059052,65709,58657
2025-10-01 11:25:00,85800,3013.521744166349,85077,244,84564,1199.1265498671883,5.754199029061232,4.190519216888571,38.361525770649735,5.097594554931137,3.456624509473045,8.591248509165949,81003,72456
2025-10-01 12:20:00,77300,3236.825141009607,76512,247,75771,1195.2365489687425,5.0004043572876,4.64377541178758,64.64357374029177,6.937446173390714,5.165454941724058,8.709764716103672,73193,65264
2025-10-01 16:37:00,71400,3276.205755698808,70585,241,70194,1196.373310853573,5.922686286514134,5.596992760029448,58.71278961471191,4.862310455280515,4.9996753439717825,8.449455871839413,67667,61854
2025-10-02 18:55:00,70700,3250.1518889548593,70287,246,69570,1194.137465283232,5.178524009052155,4.842955141571764,44.36697921105773,6.233238425618408,4.823884622172819,8.439124849743376,66992,59390
2025-10-02 20:16:00,69800,3366.3875333800675,69284,244,68809,1199.0328752001406,4.575256932258731,6.523005881507826,60.259462830880715,5.55167785610451,5.236930893848561,8.616603244015053,66637,59783
2025-10-03 11:40:00,85000,3369.8754647422707,84316,245,83721,1200.0,5.3745332769249625,7.163650837572701,75.57234049327411,7.149147807632874,5.880723842152274,8.559480278428694,80569,71382
2025-10-05 09:21:00,80900,3363.0618188198273,79785,244,79094,1194.7165891992122,3.4691300920209565,6.448216449462434,60.84673119483138,6.907202857970921,6.324882275607436,8.705302922514422,75844,67595
2025-10-05 19:13:00,82500,3037.173677800371,82002,246,81230,1191.6115131143283,4.844640922598508,4.8627575705918336,53.39371652417123,9.23253864009149,4.510233520816298,8.499046062528805,78722,71516
2025-10-06 16:51:00,87000,3328.6622462450573,86498,246,86233,1200.0,4.922482501789504,4.645971231993052,57.15682920631254,6.056607594042428,4.620791287841617,8.523485462998057,83156,74801
2025-10-07 12:12:00,79800,3201.225174311375,78975,244,78254,1200.0,4.896530530464677,4.85554151034906,59.583632693543656,6.263208819561137,5.071151288224627,8.489772463513079,75382,67641
2025-10-07 12:52:00,82800,3161.4160985523163,82383,245,81877,1197.5585987232616,6.111224748557853,5.693476681108192,60.95351009098838,6.546259424311511,5.438679057485864,8.469375625832246,79799,70939
2025-10-07 16:32:00,64300,3342.266574999884,63892,245,63153,1200.0,4.343827433899156,4.2171377222669015,40.2658075309412,8.010679917224834,5.201968800397594,8.363474126430157,61092,56038
2025-10-08 11:51:00,74300,3265.7815984517533,73616,245,72714,1200.0,4.5705138052734355,4.269846979502228,48.71864131268666,4.912953260595519,4.780231649268576,8.591963820968758,70214,62583
2025-10-08 21:44:00,78400,3115.870062990475,77479,245,76576,1199.7011967737387,4.768553706662783,7.780536360194591,38.06548496119286,7.45013079313683,4.945148577272031,8.483661006967244,74582,68589
2025-10-09 09:32:00,57400,3081.326225962964,56612,245,56267,1200.0,4.27092225850956,5.3864008495943905,45.18131842501936,7.244802011991746,5.5953434733912495,8.50715219215388,54415,50062
2025-10-09 10:33:00,87000,3042.721321720259,85900,246,85627,1200.0,6.080228381408549,6.12152244917587,34.0309841727374,6.195763803982948,4.547606750763618,8.46487559165809,83023,74700
2025-10-09 16:11:00,85200,3188.550703647902,84187,245,83508,1200.0,5.533360033374218,5.37764809930815,60.61231286432621,7.404787307673956,4.831918481410881,8.548620424292187,80101,73693
2025-10-09 17:35:00,87800,3088.560450319843,87174,247,86454,1196.1538147836734,4.9166513536753556,6.3090363959626545,55.2683294895759,6.048716187233877,4.522927456378536,8.216701432742124,82893,75062
2025-10-09 21:40:00,56900,3330.776362896839,56047,246,55612,1200.0,4.591722221101671,5.918842381231639,41.98040805584424,5.1524534191467515,5.38492622283214,7.892685653425804,54022,49328
2025-10-10 09:17:00,65100,3303.2714515824864,64751,241,63909,1198.0544091273412,5.362083517527523,4.470766708920821,47.68607100472615,5.407189989554663,4.984505732788905,8.289326632022615,61830,56820
2025-10-10 13:07:00,70100,3217.893949962846,69299,241,68907,1195.5391574770044,5.183186459660131,8.072520558369996,36.42638596417397,7.418394886967111,4.510009829820813,8.39308339249559,66705,60720
2025-10-10 18:12:00,81400,2894.662121918544,80942,244,80291,1200.0,4.662041030926187,5.489502218614274,36.8956592077697,5.853476402223126,5.199041129572429,8.547855482020298,77649,70507
2025-10-10 21:17:00,83600,3387.5324488537085,82998,245,82436,1195.5723478998887,4.236116149557719,8.0092434367657,34.997538874551275,5.942273941398867,4.719377444996274,8.664891170952531,79786,71711
2025-10-11 09:54:00,60300,3135.4672552950333,59699,245,59506,1195.8914888953404,6.14877377644949,3.9240271079067433,26.61489268095937,5.698689720226561,4.957594574175248,8.57602221725663,57509,52265
2025-10-11 12:29:00,65900,3115.7513632217724,65330,245,64831,1200.0,5.923384224130525,5.106713568241311,49.601609519952746,5.831792540302789,6.063075694534836,8.453372026630388,62505,55121
2025-10-11 13:07:00,86800,3138.324848117579,86109,244,85394,1193.5789205177673,5.550941982043912,5.565042026026129,32.38830139874782,5.930301733477613,6.152527676250114,8.490772978406254,82168,73435
2025-10-11 15:54:00,84100,3136.9107821547314,83403,245,82925,1196.4358948097242,6.42067519223067,7.565465359239275,64.88872484941962,6.729566500506789,5.353255966405482,8.68274469605072,80194,72275
2025-10-12 06:18:00,79500,2959.9303524383863,78984,241,78138,1200.0,4.765759688420462,6.178552607050378,32.9534835782644,5.554878644902414,3.475064940318866,8.428801147634891,75198,69182
2025-10-12 10:44:00,70300,3214.28684150764,69635,244,69104,1195.4316192612662,5.339011378117969,6.855575895236974,45.14174461011378,7.947290197099104,4.1456533517489085,8.353286159072269,65899,57991
2025-10-12 14:29:00,56900,3037.229960579745,56551,245,55989,1193.522627710947,4.5177211631007275,6.303089525941638,65.11028715176298,5.367055159066056,5.408778987815447,8.69290209077181,54525,50059
2025-10-13 10:43:00,55800,3155.2567108392427,55351,241,54842,1196.3913221019002,5.159694810941167,5.665699116662923,38.79665576059299,7.305776997868404,5.421499283182365,8.470515066732824,52662,47862
2025-10-13 12:22:00,67800,3138.6709999183136,67414,241,66836,1200.0,4.93285392732293,6.015538096043047,31.81236230475815,8.318239485406824,3.444941236136554,8.343215453563126,65033,57269
2025-10-13 21:33:00,84100,3476.82218619254,83023,241,82555,1200.0,4.733043078271197,6.644332216563144,68.14579781512127,6.077916474008137,4.070471823588931,8.661436573078571,79471,70852
2025-10-14 07:21:00,63000,3266.698013222153,62265,245,61838,1200.0,4.333983225025161,4.744108867485691,42.50745417655054,5.905039130786558,6.129782044873575,8.566141744547384,59421,52712
2025-10-14 11:46:00,67400,3369.983372491058,66688,247,66376,1192.8412371123623,4.620082699014095,6.544939176722054,55.66633781560743,6.931188833447517,3.963356758653855,8.452252646956724,63771,57471
2025-10-14 16:19:00,56900,3160.928164500935,56093,241,55892,1200.0,4.798678708219895,5.899210966582398,55.553494168024756,3.7693630784851346,3.3429933514913053,8.833879705814196,53751,48502
2025-10-14 20:12:00,74400,3304.0786735759953,73322,244,72869,1193.5259371340123,4.318113505667746,6.727313373960352,60.29696950145397,5.779581788627479,6.626309588287033,8.287418906183017,70291,64104
2025-10-15 11:18:00,62100,3175.439237253237,61773,245,61250,1198.2194392800964,4.326456491299182,5.556112153393072,46.42629646673765,6.877505843424273,5.4843838819692685,8.373956503912037,59065,53713
2025-10-15 17:46:00,58500,3202.420650160425,57735,246,57217,1194.5269858549188,4.918763175355757,6.767955570465633,55.08301228202179,4.942958339541903,3.6439444315517626,8.532295480427369,55116,50468
2025-10-16 14:38:00,79500,3464.420494905841,78747,244,78030,1197.272396547015,5.344619105228165,5.4995423122307425,61.53331079872329,4.441501951794383,5.616934846803207,8.429605299210358,76053,69045
2025-10-16 18:52:00,62100,3370.4500846226783,61756,244,61045,1194.838976225275,4.655475249922125,6.128736668044062,47.754464856782675,7.294801398405717,5.059374624919235,8.533333495638667,58653,52953
